time,AirTemp,ShortWave,LongWave,RelHum,WindSpeed,Rain,Snow
2016-01-01 00:00:00,8.59,0,296.23,68.6,0,0,0
2016-01-01 01:00:00,8.09,0,299.1,70.98,0,0,0
2016-01-01 02:00:00,7.56,0,295.59,70.34,0,0,0
2016-01-01 03:00:00,7.05,0,284.63,71.25,0,0,0
2016-01-01 04:00:00,6.86,0,287.12,68.77,0,0,0
2016-01-01 05:00:00,6.63,0,285.37,66.2,0,0,0
2016-01-01 06:00:00,6.22,0,289.76,67.99,0,0,0
2016-01-01 07:00:00,5.87,0,290.89,67.71,0,0,0
2016-01-01 08:00:00,5.26,0,297.35,71.46,0,0,0
2016-01-01 09:00:00,4.78,0,290.52,72.5,0,0,0
2016-01-01 10:00:00,4.07,0,278.52,71.49,0,0,0
2016-01-01 11:00:00,3.59,0,291.72,72.47,0,0,0
2016-01-01 12:00:00,3.31,0,269.56,74.35,0,0,0
2016-01-01 13:00:00,3.19,1.54,294.25,73.01,0,0,0
2016-01-01 14:00:00,3.45,28.04,301.23,70.36,0,0,0
2016-01-01 15:00:00,3.47,77.73,299.33,68.41,0,0,0
2016-01-01 16:00:00,3.76,175.14,293.3,67.15,0,0,0
2016-01-01 17:00:00,4.45,187.87,298.57,62.69,0,0,0
2016-01-01 18:00:00,5.14,191.41,301.72,58.9,0,0,0
2016-01-01 19:00:00,5.48,136.67,300.1,50.41,0,0,0
2016-01-01 20:00:00,5.5,117.65,295.34,48.75,0,0,0
2016-01-01 21:00:00,5.6,104.58,286.54,43.7,0,0,0
2016-01-01 22:00:00,5.36,28.55,287.25,44.17,0,0,0
2016-01-01 23:00:00,4.94,0.39,271.57,46.05,0,0,0
2016-01-02 00:00:00,4.53,0,248.12,46.33,0,0,0
2016-01-02 01:00:00,3.53,0,235.32,46.71,0,0,0
2016-01-02 02:00:00,2.76,0,233.06,49.75,0,0,0
2016-01-02 03:00:00,2.22,0,229.63,54.08,0,0,0
2016-01-02 04:00:00,1.55,0,227.63,56.13,0,0,0
2016-01-02 05:00:00,0.81,0,227.84,58.43,0,0,0
2016-01-02 06:00:00,0.92,0,225.76,60.29,0,0,0
2016-01-02 07:00:00,0.72,0,227.85,60.9,0,0,0
2016-01-02 08:00:00,0.44,0,228.81,63.03,0,0,0
2016-01-02 09:00:00,0.4,0,229.03,62.94,0,0,0
2016-01-02 10:00:00,0.28,0,230.18,63.85,0,0,0
2016-01-02 11:00:00,0.19,0,230.94,63.16,0,0,0
2016-01-02 12:00:00,0.33,0,230.43,62.36,0,0,0
2016-01-02 13:00:00,0.29,2.13,228.8,62.33,0,0,0
2016-01-02 14:00:00,-0.02,22.61,226.84,66.05,0,0,0
2016-01-02 15:00:00,1.19,207.62,229.37,59.71,0,0,0
2016-01-02 16:00:00,2.67,446.52,231.58,51.3,0,0,0
2016-01-02 17:00:00,4.45,537.22,235.67,47.69,0,0,0
2016-01-02 18:00:00,6.01,561.84,237.86,39.81,0,0,0
2016-01-02 19:00:00,7.38,516.85,237.57,38.12,0,0,0
2016-01-02 20:00:00,8.58,419.85,240.51,34.24,0,0,0
2016-01-02 21:00:00,9.08,141.18,246.83,28.96,0,0,0
2016-01-02 22:00:00,8.79,16.02,251.81,27.9,0,0,0
2016-01-02 23:00:00,7.63,0.43,248.82,31.32,0,0,0
2016-01-03 00:00:00,5,0,240.88,49.02,0,0,0
2016-01-03 01:00:00,4.74,0,243.17,50.15,0,0,0
2016-01-03 02:00:00,5.03,0,240.09,47.36,0,0,0
2016-01-03 03:00:00,4.15,0,236.76,51.16,0,0,0
2016-01-03 04:00:00,3.54,0,234.02,53.76,0,0,0
2016-01-03 05:00:00,3.48,0,232.29,51.01,0,0,0
2016-01-03 06:00:00,2.91,0,232.08,52.21,0,0,0
2016-01-03 07:00:00,2.66,0,230.18,52.32,0,0,0
2016-01-03 08:00:00,2.61,0,227.69,51.53,0,0,0
2016-01-03 09:00:00,2.17,0,226.66,53.62,0,0,0
2016-01-03 10:00:00,1.9,0,225.72,54.09,0,0,0
2016-01-03 11:00:00,1.8,0,226.3,53.71,0,0,0
2016-01-03 12:00:00,2.37,0,228.23,50.43,0,0,0
2016-01-03 13:00:00,2.04,1.49,227.34,53.04,0,0,0
2016-01-03 14:00:00,1.87,20.42,230.34,54.78,0,0,0
2016-01-03 15:00:00,2.89,203.15,235.39,52.84,0,0,0
2016-01-03 16:00:00,4.93,449.79,237.1,46.39,0,0,0
2016-01-03 17:00:00,6.37,538.79,238.5,41.21,0,0,0
2016-01-03 18:00:00,8.49,565.18,241.87,33.59,0,0,0
2016-01-03 19:00:00,10.12,505.16,246.02,27.2,0,0,0
2016-01-03 20:00:00,10.54,430.44,244.74,24.78,0,0,0
2016-01-03 21:00:00,10.42,149.85,250.44,26.54,0,0,0
2016-01-03 22:00:00,9.57,21.36,257.04,27.29,0,0,0
2016-01-03 23:00:00,8.97,0.71,258.07,33.43,0,0,0
2016-01-04 00:00:00,8.66,0,260.9,34.54,0,0,0
2016-01-04 01:00:00,6.11,0,253.93,46.01,0,0,0
2016-01-04 02:00:00,5.41,0,251.82,47.98,0,0,0
2016-01-04 03:00:00,5.2,0,244.53,48.65,0,0,0
2016-01-04 04:00:00,4.32,0,240.09,53.28,0,0,0
2016-01-04 05:00:00,3.5,0,237.84,55.21,0,0,0
2016-01-04 06:00:00,2.74,0,255.71,56.9,0,0,0
2016-01-04 07:00:00,1.73,0,260.32,58.16,0,0,0
2016-01-04 08:00:00,1.2,0,263.28,57.2,0,0,0
2016-01-04 09:00:00,0.56,0,238.87,53.59,0,0,0
2016-01-04 10:00:00,0.25,0,255.57,54.77,0,0,0
2016-01-04 11:00:00,0.14,0,291.14,56.8,0,0,0
2016-01-04 12:00:00,0.01,0,282.65,54.23,0,0,0
2016-01-04 13:00:00,0.01,2.43,289,53.16,0,0,0
2016-01-04 14:00:00,-0.31,31.89,274.61,60.32,0,0,0
2016-01-04 15:00:00,0,219.66,227.78,50.8,0,0,0
2016-01-04 16:00:00,-0.53,307.85,262.9,57.76,0,0,0
2016-01-04 17:00:00,-1.19,192.57,272.29,60.56,0,0,0
2016-01-04 18:00:00,-0.38,346.73,265.08,46.74,0,0,0
2016-01-04 19:00:00,-0.56,252.94,270.58,45.33,0,0,0
2016-01-04 20:00:00,-0.19,292.03,262.77,42.95,0,0,0
2016-01-04 21:00:00,-1.83,61.47,264.83,65.81,0,0,0
2016-01-04 22:00:00,-1.25,45.71,242.69,50.54,0,0,0
2016-01-04 23:00:00,-1.52,1.48,238.3,43.72,0,0,0
2016-01-05 00:00:00,-2.06,0,210.03,45.37,0,0,0
2016-01-05 01:00:00,-2.35,0,208.89,50.13,0,0,0
2016-01-05 02:00:00,-2.64,0,207.08,52.08,0,0,0
2016-01-05 03:00:00,-2.96,0,206.84,51.8,0,0,0
2016-01-05 04:00:00,-3.28,0,205.76,51.16,0,0,0
2016-01-05 05:00:00,-3.74,0,208.79,52.87,0,0,0
2016-01-05 06:00:00,-4.37,0,202.04,53.89,0,0,0
2016-01-05 07:00:00,-4.79,0,197.77,54.6,0,0,0
2016-01-05 08:00:00,-5.34,0,195.6,56.29,0,0,0
2016-01-05 09:00:00,-5.71,0,192.74,58.76,0,0,0
2016-01-05 10:00:00,-6.15,0,190.8,53.28,0,0,0
2016-01-05 11:00:00,-6.39,0,188.21,50.16,0,0,0
2016-01-05 12:00:00,-6.84,0,187.21,48.42,0,0,0
2016-01-05 13:00:00,-7.22,1.58,186.37,49.7,0,0,0
2016-01-05 14:00:00,-7.36,20.52,185.15,49.36,0,0,0
2016-01-05 15:00:00,-6.62,205.28,186.74,43.6,0,0,0
2016-01-05 16:00:00,-5.43,471.78,188.91,39.42,0,0,0
2016-01-05 17:00:00,-4.04,560.92,192.51,34.44,0,0,0
2016-01-05 18:00:00,-2.42,587.25,195.17,29.85,0,0,0
2016-01-05 19:00:00,-0.73,544.34,197.91,25.16,0,0,0
2016-01-05 20:00:00,0.52,442.86,198.08,23.43,0,0,0
2016-01-05 21:00:00,0.34,167.52,202.7,23.87,0,0,0
2016-01-05 22:00:00,-0.23,16.24,209.09,27.31,0,0,0
2016-01-05 23:00:00,-1.96,0.48,204.75,49.16,0,0,0
2016-01-06 00:00:00,-3.62,0,201.98,57.8,0,0,0
2016-01-06 01:00:00,-4.29,0,200.35,58.2,0,0,0
2016-01-06 02:00:00,-5.13,0,198.07,62.96,0,0,0
2016-01-06 03:00:00,-5.67,0,196.14,65.65,0,0,0
2016-01-06 04:00:00,-6.29,0,195.2,64.68,0,0,0
2016-01-06 05:00:00,-6.89,0,194.91,64.36,0,0,0
2016-01-06 06:00:00,-7.33,0,195.09,67.23,0,0,0
2016-01-06 07:00:00,-7.73,0,195.54,67.95,0,0,0
2016-01-06 08:00:00,-8.29,0,195.5,70.09,0,0,0
2016-01-06 09:00:00,-8.55,0,196.21,70.36,0,0,0
2016-01-06 10:00:00,-8.65,0,195.54,70.71,0,0,0
2016-01-06 11:00:00,-8.15,0,196.18,72.33,0,0,0
2016-01-06 12:00:00,-7.38,0,197.8,66.8,0,0,0
2016-01-06 13:00:00,-7.18,1.88,199.57,65.25,0,0,0
2016-01-06 14:00:00,-6.93,21.01,201.34,61.06,0,0,0
2016-01-06 15:00:00,-3.53,197.9,208.54,35.77,0,0,0
2016-01-06 16:00:00,-1.35,463.57,205.62,25.13,0,0,0
2016-01-06 17:00:00,-0.39,552.36,208.25,33.21,0,0,0
2016-01-06 18:00:00,1.5,578.61,211.62,26.83,0,0,0
2016-01-06 19:00:00,2.84,538.3,213.65,20.3,0,0,0
2016-01-06 20:00:00,3.59,441.31,214.88,18.61,0,0,0
2016-01-06 21:00:00,3.61,174.28,219.88,20.77,0,0,0
2016-01-06 22:00:00,2.77,17.46,226.05,23.15,0,0,0
2016-01-06 23:00:00,0.59,0.49,224.31,37.02,0,0,0
2016-01-07 00:00:00,-1.25,0,221.86,57,1,0,0
2016-01-07 01:00:00,-2.13,0,221.21,64.39,1,0,0
2016-01-07 02:00:00,-2.56,0,223.17,67.04,1,0,0
2016-01-07 03:00:00,-2.89,0,226.41,67.64,1,0,0
2016-01-07 04:00:00,-3.3,0,222.52,70.38,1,0,0
2016-01-07 05:00:00,-3.68,0,224.3,73.48,1,0,0
2016-01-07 06:00:00,-3.76,0,235.87,74.99,1,0,0
2016-01-07 07:00:00,-3.6,0,238.25,74.85,1,0,0
2016-01-07 08:00:00,-3.88,0,218.51,78.71,1,0,0
2016-01-07 09:00:00,-4.3,0,215.52,82.43,1,0,0
2016-01-07 10:00:00,-4.23,0,219.77,80.04,1,0,0
2016-01-07 11:00:00,-4.47,0,214.53,82.27,1,0,0
2016-01-07 12:00:00,-4.34,0,217,83.34,1,0,0
2016-01-07 13:00:00,-3.84,4.56,225.12,77.18,1,0,0
2016-01-07 14:00:00,-0.68,37.37,234.04,58.84,1,0,0
2016-01-07 15:00:00,1.28,152.22,238.54,47.98,1,0,0
2016-01-07 16:00:00,1.37,420.06,236.19,48.04,1,0,0
2016-01-07 17:00:00,3.1,506.52,236.3,42.85,1,0,0
2016-01-07 18:00:00,5.33,565.23,239.78,34.79,1,0,0
2016-01-07 19:00:00,7.11,525.25,244.32,29.42,1,0,0
2016-01-07 20:00:00,8.56,426.77,245.77,26.2,1,0,0
2016-01-07 21:00:00,8.26,177.42,251.64,27.11,1,0,0
2016-01-07 22:00:00,6.49,18.02,257.77,40.29,1,0,0
2016-01-07 23:00:00,2.57,0.89,249.54,67.39,1,0,0
2016-01-08 00:00:00,0.91,0,245.78,73.03,0,0,0
2016-01-08 01:00:00,0.08,0,243.85,76.11,0,0,0
2016-01-08 02:00:00,-0.01,0,244.13,78.23,0,0,0
2016-01-08 03:00:00,-0.2,0,243.68,85.97,0,0,0
2016-01-08 04:00:00,-0.58,0,243.72,90.79,0,0,0
2016-01-08 05:00:00,-0.73,0,248.58,92.86,0,0,0
2016-01-08 06:00:00,-0.71,0,251.06,93.09,0,0,0
2016-01-08 07:00:00,-0.36,0,261.47,89.93,0,0,0
2016-01-08 08:00:00,-0.34,0,271.42,89.38,0,0,0
2016-01-08 09:00:00,-0.31,0,278.19,87.2,0,0,0
2016-01-08 10:00:00,-0.26,0,271.92,87.94,0,0,0
2016-01-08 11:00:00,-0.23,0.23,301.57,89.6,0,0,0
2016-01-08 12:00:00,0.71,0.03,319.47,96.21,0,0,0
2016-01-08 13:00:00,1.2,1.83,321.6,99.57,0,0,0
2016-01-08 14:00:00,1.72,27.33,323.06,99.65,0,0,0
2016-01-08 15:00:00,2.28,48.16,325.33,99.66,0,0,0
2016-01-08 16:00:00,2.69,87.24,327.51,99.67,0,0,0
2016-01-08 17:00:00,2.56,65.17,326.56,99.69,0,0,0
2016-01-08 18:00:00,2.97,142.54,327.87,99.68,0,0,0
2016-01-08 19:00:00,3.39,76.21,329.9,99.74,0,0,0
2016-01-08 20:00:00,3.79,60.36,333.43,99.77,0,0,0
2016-01-08 21:00:00,4.23,43.49,335.9,99.72,0,0,0
2016-01-08 22:00:00,4.11,20.23,335.18,99.69,0,0,0
2016-01-08 23:00:00,3.8,0.8,333.56,99.68,0,0,0
2016-01-09 00:00:00,3.79,0.01,333.48,99.68,0,0,0
2016-01-09 01:00:00,3.8,0,333.58,99.68,0,0,0
2016-01-09 02:00:00,3.98,0.01,334.4,99.69,0,0,0
2016-01-09 03:00:00,4.01,0,334.57,99.68,0,0,0
2016-01-09 04:00:00,4.03,0,334.68,99.68,0,0,0
2016-01-09 05:00:00,4.14,0,335.2,99.67,0,0,0
2016-01-09 06:00:00,4.25,0,335.7,99.67,0,0,0
2016-01-09 07:00:00,4.29,0,335.94,99.69,0,0,0
2016-01-09 08:00:00,4.3,0.01,335.96,99.67,0,0,0
2016-01-09 09:00:00,4.29,0,335.93,99.68,0,0,0
2016-01-09 10:00:00,4.19,0.02,335.44,99.69,0,0,0
2016-01-09 11:00:00,4.27,0.01,335.79,99.69,0,0,0
2016-01-09 12:00:00,4.19,0.02,335.39,99.69,0,0,0
2016-01-09 13:00:00,4.23,2.24,335.65,99.69,0,0,0
2016-01-09 14:00:00,4.56,22.44,337.33,99.69,0,0,0
2016-01-09 15:00:00,4.91,59.45,339.25,99.64,0,0,0
2016-01-09 16:00:00,5.51,106.72,342.43,99.55,0,0,0
2016-01-09 17:00:00,5.72,111.35,343.64,99.54,0,0,0
2016-01-09 18:00:00,5.85,129.34,344.32,99.53,0,0,0
2016-01-09 19:00:00,6.09,96.85,345.38,99.54,0,0,0
2016-01-09 20:00:00,6.38,103.46,346.8,99.58,0,0,0
2016-01-09 21:00:00,6.6,74.47,347.73,99.61,0,0,0
2016-01-09 22:00:00,6.5,28.76,346.99,99.46,0,0,0
2016-01-09 23:00:00,6.32,1.15,345.89,99.6,0,0,0
2016-01-10 00:00:00,6.22,0,345.39,99.59,0,0,0
2016-01-10 01:00:00,6.19,0,345.2,99.59,0,0,0
2016-01-10 02:00:00,6.29,0,345.71,99.51,0,0,0
2016-01-10 03:00:00,6.71,0.01,347.67,98.18,0,0,0
2016-01-10 04:00:00,7.22,0.01,350.2,97.47,0,0,0
2016-01-10 05:00:00,7.11,0.11,349.8,99.14,0,0,0
2016-01-10 06:00:00,7.73,0.04,352.88,96.53,0,0,0
2016-01-10 07:00:00,7.42,0.04,351.39,99.26,0,0,0
2016-01-10 08:00:00,6.99,0.17,349.22,99.64,0,0,0
2016-01-10 09:00:00,6.72,0.14,347.91,99.66,0,0,0
2016-01-10 10:00:00,6.61,0.2,347.31,99.65,0,0,0
2016-01-10 11:00:00,6.82,0.22,348.32,99.65,0,0,0
2016-01-10 12:00:00,7.03,0.14,349.39,99.65,0,0,0
2016-01-10 13:00:00,7.05,4.11,349.48,99.64,0,0,0
2016-01-10 14:00:00,7.58,33.05,351.93,98,0,0,0
2016-01-10 15:00:00,9.59,175.43,362.31,80.62,0,0,0
2016-01-10 16:00:00,10.58,286.55,354.65,67.75,0,0,0
2016-01-10 17:00:00,10.8,319.71,331.99,61.9,0,0,0
2016-01-10 18:00:00,9.38,245.61,323.18,72.18,0,0,0
2016-01-10 19:00:00,9.5,213.74,326.47,59.15,0,0,0
2016-01-10 20:00:00,7.53,160.48,294.28,54.21,0,0,0
2016-01-10 21:00:00,5.83,91.29,291.7,57.58,0,0,0
2016-01-10 22:00:00,4.28,25.2,312.27,61.07,0,0,0
2016-01-10 23:00:00,2.82,0.65,307.31,60.89,0,0,0
2016-01-11 00:00:00,2.11,0,305.66,64.04,0,0,0
2016-01-11 01:00:00,1.15,0,283.41,59.39,0,0,0
2016-01-11 02:00:00,0.05,0,232.58,55.34,0,0,0
2016-01-11 03:00:00,-0.55,0,218.26,54.82,0,0,0
2016-01-11 04:00:00,-1.01,0,215.65,52.73,0,0,0
2016-01-11 05:00:00,-1.69,0,210.51,50.56,0,0,0
2016-01-11 06:00:00,-2.4,0,207.23,52.69,0,0,0
2016-01-11 07:00:00,-2.8,0,205.7,54.64,0,0,0
2016-01-11 08:00:00,-3.21,0,202.92,55.64,0,0,0
2016-01-11 09:00:00,-3.79,0,201.83,53.42,0,0,0
2016-01-11 10:00:00,-4.32,0,200.29,50.76,0,0,0
2016-01-11 11:00:00,-4.62,0,197.51,48.7,0,0,0
2016-01-11 12:00:00,-4.98,0,194.2,46.57,0,0,0
2016-01-11 13:00:00,-5.23,1.78,193.39,46.18,0,0,0
2016-01-11 14:00:00,-5.16,20.62,193.87,44.39,0,0,0
2016-01-11 15:00:00,-4.01,179.67,197.51,39.35,0,0,0
2016-01-11 16:00:00,-2.97,473.71,197.35,41.53,0,0,0
2016-01-11 17:00:00,-1.22,568.97,200.57,35.33,0,0,0
2016-01-11 18:00:00,-0.01,584.23,203.42,33.88,0,0,0
2016-01-11 19:00:00,1.33,505.87,215.67,30.7,0,0,0
2016-01-11 20:00:00,2.19,445.95,215.77,31.08,0,0,0
2016-01-11 21:00:00,2.06,233.49,214.5,33.27,0,0,0
2016-01-11 22:00:00,1.55,24.07,224.12,34.74,0,0,0
2016-01-11 23:00:00,0.59,1.45,223.56,41.82,0,0,0
2016-01-12 00:00:00,-1.22,0,218.84,61.37,0,0,0
2016-01-12 01:00:00,-1.96,0,218.06,66,0,0,0
2016-01-12 02:00:00,-1.26,0,222.72,55.53,0,0,0
2016-01-12 03:00:00,-0.94,0,224.22,49.58,0,0,0
2016-01-12 04:00:00,-2.4,0,220.12,66.24,0,0,0
2016-01-12 05:00:00,-3.56,0,217.07,77.29,0,0,0
2016-01-12 06:00:00,-4.12,0,216.9,77.63,0,0,0
2016-01-12 07:00:00,-3.53,0,219.86,68.68,0,0,0
2016-01-12 08:00:00,-3.24,0,244.14,67.8,0,0,0
2016-01-12 09:00:00,-3.38,0,230.65,71.07,0,0,0
2016-01-12 10:00:00,-3.76,0,222.28,74.86,0,0,0
2016-01-12 11:00:00,-3.71,0,244.63,71.28,0,0,0
2016-01-12 12:00:00,-3.21,0,259.37,69.96,0,0,0
2016-01-12 13:00:00,-3.5,2.78,226.76,74.1,0,0,0
2016-01-12 14:00:00,-3.68,28.3,220.84,72.1,0,0,0
2016-01-12 15:00:00,-0.52,135.48,246.06,50.5,0,0,0
2016-01-12 16:00:00,1.55,207.33,273.18,41.89,0,0,0
2016-01-12 17:00:00,3.47,296.09,282.35,37.4,0,0,0
2016-01-12 18:00:00,5.24,368.22,277.02,37.07,0,0,0
2016-01-12 19:00:00,5.86,420.11,270.3,37.42,0,0,0
2016-01-12 20:00:00,5.63,250.48,295.6,42.08,0,0,0
2016-01-12 21:00:00,4.97,95.07,298.05,45.57,0,0,0
2016-01-12 22:00:00,3.49,30.86,250.5,54.79,0,0,0
2016-01-12 23:00:00,2.77,2.02,245.49,49.83,0,0,0
2016-01-13 00:00:00,2.26,0,279.66,55.79,0,0,0
2016-01-13 01:00:00,1.14,0,270.18,61.98,0,0,0
2016-01-13 02:00:00,0.92,0,243.06,51.86,0,0,0
2016-01-13 03:00:00,0.11,0,215.17,39.59,0,0,0
2016-01-13 04:00:00,-1.47,0,206.33,35.06,0,0,0
2016-01-13 05:00:00,-2.52,0,203.37,36.19,0,0,0
2016-01-13 06:00:00,-3.58,0,202.68,41.77,0,0,0
2016-01-13 07:00:00,-4.48,0,200.39,46.76,0,0,0
2016-01-13 08:00:00,-5.3,0,198.37,50.31,0,0,0
2016-01-13 09:00:00,-6.01,0,196.17,48.76,0,0,0
2016-01-13 10:00:00,-6.61,0,195.25,51.88,0,0,0
2016-01-13 11:00:00,-6.95,0,195.26,55.84,0,0,0
2016-01-13 12:00:00,-7.19,0,193.75,56.39,0,0,0
2016-01-13 13:00:00,-7.7,2.16,193.6,54.13,0,0,0
2016-01-13 14:00:00,-7.86,22.94,193.54,53.58,0,0,0
2016-01-13 15:00:00,-6.85,187.35,194.18,49.89,0,0,0
2016-01-13 16:00:00,-5.9,468.07,193.95,46.82,0,0,0
2016-01-13 17:00:00,-4.31,560.05,198.67,40.7,0,0,0
2016-01-13 18:00:00,-2.47,586.65,202.9,35.53,0,0,0
2016-01-13 19:00:00,-0.94,548.18,206.6,32.24,0,0,0
2016-01-13 20:00:00,0.32,454.76,209.02,28.16,0,0,0
2016-01-13 21:00:00,0.99,253.06,211.78,25.61,0,0,0
2016-01-13 22:00:00,1.09,22.16,220.22,25,0,0,0
2016-01-13 23:00:00,0.52,1.54,225.14,30.49,0,0,0
2016-01-14 00:00:00,-1.68,0,220.63,51.83,2,0,0
2016-01-14 01:00:00,-2.63,0,220.8,55.78,2,0,0
2016-01-14 02:00:00,-2.33,0,225.84,52.49,2,0,0
2016-01-14 03:00:00,-1.38,0,228.68,46.15,2,0,0
2016-01-14 04:00:00,-0.38,0,230.78,36.87,2,0,0
2016-01-14 05:00:00,-0.1,0,232.57,35.27,2,0,0
2016-01-14 06:00:00,-0.87,0,235.12,43.92,2,0,0
2016-01-14 07:00:00,-1.42,0.4,266.3,48.76,2,0,0
2016-01-14 08:00:00,0.89,0.16,304.96,34.19,2,0,0
2016-01-14 09:00:00,1.28,0,234.89,35.74,2,0,0
2016-01-14 10:00:00,2.08,0,237.66,40.79,2,0,0
2016-01-14 11:00:00,3.44,0,242.86,47.01,2,0,0
2016-01-14 12:00:00,4.08,0,246.71,51.51,2,0,0
2016-01-14 13:00:00,4.56,2.56,248.88,54.32,2,0,0
2016-01-14 14:00:00,5.02,24.45,249.59,55.02,2,0,0
2016-01-14 15:00:00,5.45,182.78,251.55,54.08,2,0,0
2016-01-14 16:00:00,7.3,447.84,253.32,52.77,2,0,0
2016-01-14 17:00:00,9.1,537.74,258.83,49.28,2,0,0
2016-01-14 18:00:00,11.35,565.51,267.34,45.5,2,0,0
2016-01-14 19:00:00,13.19,531.6,274.83,43.94,2,0,0
2016-01-14 20:00:00,13.76,438.96,275.59,41.44,2,0,0
2016-01-14 21:00:00,14.01,247.41,276.97,39.98,2,0,0
2016-01-14 22:00:00,13.22,23.38,280.6,40.42,2,0,0
2016-01-14 23:00:00,11.84,2.34,275.5,41.64,2,0,0
2016-01-15 00:00:00,8.69,0,266.37,49.26,0,0,0
2016-01-15 01:00:00,4.07,0,256.12,70.05,0,0,0
2016-01-15 02:00:00,2.73,0,253.83,76.66,0,0,0
2016-01-15 03:00:00,1.3,0,250.74,84.8,0,0,0
2016-01-15 04:00:00,0.89,0,252.77,86.32,0,0,0
2016-01-15 05:00:00,0.93,0,254.45,87.5,0,0,0
2016-01-15 06:00:00,1.07,0,260.49,86.41,0,0,0
2016-01-15 07:00:00,0.89,0,248.86,86.25,0,0,0
2016-01-15 08:00:00,0.27,0,245.05,88.46,0,0,0
2016-01-15 09:00:00,-0.31,0,244.84,89.33,0,0,0
2016-01-15 10:00:00,-0.51,0,241.82,90,0,0,0
2016-01-15 11:00:00,-0.28,0,242.8,89.22,0,0,0
2016-01-15 12:00:00,-0.09,0,244.78,88.16,0,0,0
2016-01-15 13:00:00,-0.38,3.98,244.52,89.92,0,0,0
2016-01-15 14:00:00,0.26,57.81,250.68,86.83,0,0,0
2016-01-15 15:00:00,3.31,165.12,267.49,74.99,0,0,0
2016-01-15 16:00:00,6.79,221.79,285.1,57.44,0,0,0
2016-01-15 17:00:00,8.34,143.16,320.85,58.5,0,0,0
2016-01-15 18:00:00,7.78,95.18,331.22,64.6,0,0,0
2016-01-15 19:00:00,6.15,52.32,341.49,67.72,0,0,0
2016-01-15 20:00:00,5.12,20.19,339.56,82.73,0,0,0
2016-01-15 21:00:00,4.38,33.44,336.56,90.61,0,0,0
2016-01-15 22:00:00,4,6.3,334.57,94.98,0,0,0
2016-01-15 23:00:00,3.74,0.31,333.28,98.14,0,0,0
2016-01-16 00:00:00,3.67,0.01,332.93,98.61,0,0,0
2016-01-16 01:00:00,3.71,0.04,333.13,99.35,0,0,0
2016-01-16 02:00:00,4.14,0.03,334.88,98.4,0,0,0
2016-01-16 03:00:00,4.72,0.04,337.38,97.21,0,0,0
2016-01-16 04:00:00,4.07,0.08,333.6,97.43,0,0,0
2016-01-16 05:00:00,3.9,0.09,332.75,97.7,0,0,0
2016-01-16 06:00:00,4.76,0.02,333.72,95.13,0,0,0
2016-01-16 07:00:00,7.15,0.07,342.83,89.07,0,0,0
2016-01-16 08:00:00,7.73,0.1,345.32,87.64,0,0,0
2016-01-16 09:00:00,7.81,0.04,342.91,86.17,0,0,0
2016-01-16 10:00:00,8.02,0.13,345.81,84.09,0,0,0
2016-01-16 11:00:00,8.1,0.1,343.61,81.5,0,0,0
2016-01-16 12:00:00,8.47,0.08,339.31,72.42,0,0,0
2016-01-16 13:00:00,7.96,5.54,328.16,74.96,0,0,0
2016-01-16 14:00:00,7.89,57.39,334.83,77.71,0,0,0
2016-01-16 15:00:00,8.25,117.97,327.86,79.79,0,0,0
2016-01-16 16:00:00,8.43,369.88,323.7,78.77,0,0,0
2016-01-16 17:00:00,9.2,563.94,302.21,69.74,0,0,0
2016-01-16 18:00:00,9.81,310.68,316.64,59.26,0,0,0
2016-01-16 19:00:00,8.89,173.36,317.91,57.6,0,0,0
2016-01-16 20:00:00,7.41,92.78,326.81,61.45,0,0,0
2016-01-16 21:00:00,6.78,104.14,316.73,60.95,0,0,0
2016-01-16 22:00:00,5.97,48.54,294.91,60.83,0,0,0
2016-01-16 23:00:00,5.1,4.5,287.59,63.36,0,0,0
2016-01-17 00:00:00,3.77,0,296.42,67.8,0,0,0
2016-01-17 01:00:00,2.79,0,284.55,66.45,0,0,0
2016-01-17 02:00:00,2.22,0,284.38,71.11,0,0,0
2016-01-17 03:00:00,1.84,0,300.8,70.97,0,0,0
2016-01-17 04:00:00,1.58,0,297.24,68.98,0,0,0
2016-01-17 05:00:00,1.34,0,280.53,69.85,0,0,0
2016-01-17 06:00:00,1.08,0,266.92,70.8,0,0,0
2016-01-17 07:00:00,1.07,0,295.51,70.33,0,0,0
2016-01-17 08:00:00,0.99,0,285.83,68.99,0,0,0
2016-01-17 09:00:00,0.85,0,291.92,70.66,0,0,0
2016-01-17 10:00:00,0.87,0,295.4,70.75,0,0,0
2016-01-17 11:00:00,0.87,0,297.01,70.84,0,0,0
2016-01-17 12:00:00,0.82,0,299.13,70.65,0,0,0
2016-01-17 13:00:00,0.77,1.3,301.96,71.38,0,0,0
2016-01-17 14:00:00,0.44,10.7,305.88,77.06,0,0,0
2016-01-17 15:00:00,-0.83,33.93,311.14,94.89,0,0,0
2016-01-17 16:00:00,-0.6,94.86,312.72,93.48,0,0,0
2016-01-17 17:00:00,0.15,421.74,288.33,86.44,0,0,0
2016-01-17 18:00:00,1.12,231.93,299.53,80.4,0,0,0
2016-01-17 19:00:00,2.29,206.29,295.34,69.88,0,0,0
2016-01-17 20:00:00,2.59,157.14,305.41,63.31,0,0,0
2016-01-17 21:00:00,2.84,296.51,292.87,59.9,0,0,0
2016-01-17 22:00:00,1.48,55.89,264.69,62.04,0,0,0
2016-01-17 23:00:00,0.86,3.41,266.56,60.76,0,0,0
2016-01-18 00:00:00,0.68,0,295.45,60.75,0,0,0
2016-01-18 01:00:00,0.65,0,293.47,58.77,0,0,0
2016-01-18 02:00:00,-0.06,0,275.73,58.36,0,0,0
2016-01-18 03:00:00,-0.48,0,266.26,47.71,0,0,0
2016-01-18 04:00:00,-0.66,0,281.68,51.84,0,0,0
2016-01-18 05:00:00,-1.16,0,269.9,58.43,0,0,0
2016-01-18 06:00:00,-1.93,0,276.4,62.26,0,0,0
2016-01-18 07:00:00,-2.18,0,251.53,53.51,0,0,0
2016-01-18 08:00:00,-3.1,0,243.33,53.46,0,0,0
2016-01-18 09:00:00,-4.4,0,214.99,50.02,0,0,0
2016-01-18 10:00:00,-5.71,0,207.15,58.73,0,0,0
2016-01-18 11:00:00,-7.09,0,195.53,59.23,0,0,0
2016-01-18 12:00:00,-8.31,0,184.49,49.41,0,0,0
2016-01-18 13:00:00,-9.56,2.25,178.9,46.73,0,0,0
2016-01-18 14:00:00,-10.23,21.6,176.5,45.51,0,0,0
2016-01-18 15:00:00,-10.04,205.51,177.45,46.14,0,0,0
2016-01-18 16:00:00,-9.58,493.07,176.88,45.13,0,0,0
2016-01-18 17:00:00,-8.82,592.88,178.32,43.39,0,0,0
2016-01-18 18:00:00,-7.81,626.19,178.45,39.91,0,0,0
2016-01-18 19:00:00,-7.01,588.53,177.41,35.81,0,0,0
2016-01-18 20:00:00,-6.66,493.7,176.17,31.78,0,0,0
2016-01-18 21:00:00,-6.37,299.62,176.63,30.89,0,0,0
2016-01-18 22:00:00,-6.85,22.48,184.24,32.78,0,0,0
2016-01-18 23:00:00,-7.49,2.45,183.41,34.85,0,0,0
2016-01-19 00:00:00,-8.25,0,182.48,36.17,0,0,0
2016-01-19 01:00:00,-8.81,0,182.15,39.88,0,0,0
2016-01-19 02:00:00,-9.31,0,181.45,45.96,0,0,0
2016-01-19 03:00:00,-9.89,0,179.84,48.08,0,0,0
2016-01-19 04:00:00,-10.28,0,180.01,50.84,0,0,0
2016-01-19 05:00:00,-10.43,0,180.25,52.45,0,0,0
2016-01-19 06:00:00,-10.73,0,180.46,51.19,0,0,0
2016-01-19 07:00:00,-10.91,0,180.21,53.48,0,0,0
2016-01-19 08:00:00,-11.11,0,180.18,54.29,0,0,0
2016-01-19 09:00:00,-11.21,0,180.38,57.1,0,0,0
2016-01-19 10:00:00,-11.39,0,183.33,58.32,0,0,0
2016-01-19 11:00:00,-11.56,0,180.22,58.41,0,0,0
2016-01-19 12:00:00,-11.79,0,180.81,56.43,0,0,0
2016-01-19 13:00:00,-11.94,2.49,180.13,57.69,0,0,0
2016-01-19 14:00:00,-11.79,28.39,181.91,56.2,0,0,0
2016-01-19 15:00:00,-10.91,206.93,182.32,51.62,0,0,0
2016-01-19 16:00:00,-9.84,488.12,180.78,44.96,0,0,0
2016-01-19 17:00:00,-8.66,585.28,182.58,40.48,0,0,0
2016-01-19 18:00:00,-7.79,619.15,184.27,38.67,0,0,0
2016-01-19 19:00:00,-7.19,584.73,186.12,37.29,0,0,0
2016-01-19 20:00:00,-6.54,491.66,184.47,36.93,0,0,0
2016-01-19 21:00:00,-6.13,309.24,185.57,37.18,0,0,0
2016-01-19 22:00:00,-6.39,24.23,189.9,38.01,0,0,0
2016-01-19 23:00:00,-7.06,3.07,189.62,41.79,0,0,0
2016-01-20 00:00:00,-7.81,0,187.56,44.44,0,0,0
2016-01-20 01:00:00,-8.42,0,187.44,48.23,0,0,0
2016-01-20 02:00:00,-8.94,0,187.72,50.42,0,0,0
2016-01-20 03:00:00,-9.06,0,189.67,50.7,0,0,0
2016-01-20 04:00:00,-9,0,191.26,49.39,0,0,0
2016-01-20 05:00:00,-9.23,0,190.91,49.97,0,0,0
2016-01-20 06:00:00,-9.38,0,191.8,49.52,0,0,0
2016-01-20 07:00:00,-9.27,0,195.08,49.32,0,0,0
2016-01-20 08:00:00,-9.33,0,197.16,47.94,0,0,0
2016-01-20 09:00:00,-9.16,0,201.47,49.98,0,0,0
2016-01-20 10:00:00,-8.72,0,236.22,45.94,0,0,0
2016-01-20 11:00:00,-7.51,0,259.52,39.57,0,0,0
2016-01-20 12:00:00,-7.99,0,252.37,46.9,0,0,0
2016-01-20 13:00:00,-7.38,3.53,222.02,45.88,0,0,0
2016-01-20 14:00:00,-7.84,49.84,214.67,44.34,0,0,0
2016-01-20 15:00:00,-6.2,134.22,258.93,36.3,0,0,0
2016-01-20 16:00:00,-4.14,342.21,250.23,33.57,0,0,0
2016-01-20 17:00:00,-2.76,352.76,266.75,31.27,0,0,0
2016-01-20 18:00:00,-2.04,313.45,274.09,32.08,0,0,0
2016-01-20 19:00:00,-1.23,175.49,296.36,31.41,0,0,0
2016-01-20 20:00:00,-1.02,69.27,299.07,30.62,0,0,0
2016-01-20 21:00:00,-0.78,68.82,298.43,37.18,0,0,0
2016-01-20 22:00:00,-1.16,18.47,298.85,51.28,0,0,0
2016-01-20 23:00:00,-2.7,3.58,293.31,75.09,0,0,0
2016-01-21 00:00:00,-3.22,0,295.11,85.02,3,0,0
2016-01-21 01:00:00,-3.15,0,293.7,88.13,3,0,0
2016-01-21 02:00:00,-2.99,0,295.88,89.62,3,0,0
2016-01-21 03:00:00,-2.37,0,293.61,86.75,3,0,0
2016-01-21 04:00:00,-2.12,0,286.53,86.96,3,0,0
2016-01-21 05:00:00,-1.33,0,272.04,80.77,3,0,0
2016-01-21 06:00:00,-0.74,0,286.62,71.56,3,0,0
2016-01-21 07:00:00,-1.63,0,249.79,69.83,3,0,0
2016-01-21 08:00:00,-2.31,0,231.11,68.91,3,0,0
2016-01-21 09:00:00,-2.82,0,220.62,70.04,3,0,0
2016-01-21 10:00:00,-3.71,0,214.05,71.93,3,0,0
2016-01-21 11:00:00,-3.99,0,232.46,69.72,3,0,0
2016-01-21 12:00:00,-4.51,0,221.63,70.2,3,0,0
2016-01-21 13:00:00,-4.98,4.26,233.58,70.78,3,0,0
2016-01-21 14:00:00,-5.02,57.67,248.49,69.42,3,0,0
2016-01-21 15:00:00,-4.7,123.16,250.27,67.62,3,0,0
2016-01-21 16:00:00,-3.99,272.1,245.63,63.83,3,0,0
2016-01-21 17:00:00,-2.89,581.01,212.1,58.05,3,0,0
2016-01-21 18:00:00,-1.59,626.05,219.15,50.82,3,0,0
2016-01-21 19:00:00,-0.56,582.83,211.93,46.47,3,0,0
2016-01-21 20:00:00,0.86,483.49,213.28,42.55,3,0,0
2016-01-21 21:00:00,1.56,302.91,217.1,40.84,3,0,0
2016-01-21 22:00:00,0.67,33.88,227.56,46.08,3,0,0
2016-01-21 23:00:00,-1.68,2.43,223.97,66.29,3,0,0
2016-01-22 00:00:00,-2.99,0,222.05,73.53,0,0,0
2016-01-22 01:00:00,-3.81,0,220.86,77.02,0,0,0
2016-01-22 02:00:00,-4.35,0,220.58,79.01,0,0,0
2016-01-22 03:00:00,-4.72,0,220.35,78.31,0,0,0
2016-01-22 04:00:00,-5.02,0,219.83,79.26,0,0,0
2016-01-22 05:00:00,-4.04,0,223.71,66.84,0,0,0
2016-01-22 06:00:00,-3.13,0,234.9,52.56,0,0,0
2016-01-22 07:00:00,-3.42,0,230.84,49.18,0,0,0
2016-01-22 08:00:00,-4.47,0,260.09,53.93,0,0,0
2016-01-22 09:00:00,-4.81,0,280.14,55.95,0,0,0
2016-01-22 10:00:00,-5.26,0,289.14,60.04,0,0,0
2016-01-22 11:00:00,-5.88,0,284.34,64.54,0,0,0
2016-01-22 12:00:00,-7.03,0,279.4,85.77,0,0,0
2016-01-22 13:00:00,-7.32,0.38,279.75,88.68,0,0,0
2016-01-22 14:00:00,-7.32,5.68,280.65,89.12,0,0,0
2016-01-22 15:00:00,-7.15,17.38,281.38,89.52,0,0,0
2016-01-22 16:00:00,-7,36.31,280.35,87.52,0,0,0
2016-01-22 17:00:00,-6.83,83.07,281.89,89.79,0,0,0
2016-01-22 18:00:00,-6.6,99.72,278.08,86.73,0,0,0
2016-01-22 19:00:00,-6.55,96.25,279.68,84.32,0,0,0
2016-01-22 20:00:00,-6.31,105.27,281.27,82.26,0,0,0
2016-01-22 21:00:00,-6.61,51.44,282,85.83,0,0,0
2016-01-22 22:00:00,-6.53,23.9,281.89,82.27,0,0,0
2016-01-22 23:00:00,-6.75,0.73,282.37,90.06,0,0,0
2016-01-23 00:00:00,-6.85,0,282.23,92.19,0,0,0
2016-01-23 01:00:00,-7.06,0,281.53,92.89,0,0,0
2016-01-23 02:00:00,-7.18,0,281.36,92.46,0,0,0
2016-01-23 03:00:00,-7.39,0,280.52,92.14,0,0,0
2016-01-23 04:00:00,-7.75,0.01,279.19,91.12,0,0,0
2016-01-23 05:00:00,-8.07,0,278.58,88.62,0,0,0
2016-01-23 06:00:00,-8.32,0,276.14,86.7,0,0,0
2016-01-23 07:00:00,-8.45,0.01,275.4,88.92,0,0,0
2016-01-23 08:00:00,-8.28,0.01,276.12,90.12,0,0,0
2016-01-23 09:00:00,-8.35,0,275.69,90.52,0,0,0
2016-01-23 10:00:00,-8.25,0.01,276.07,89.86,0,0,0
2016-01-23 11:00:00,-7.66,0.03,279.02,86.78,0,0,0
2016-01-23 12:00:00,-7.18,0,280.3,86.7,0,0,0
2016-01-23 13:00:00,-6.62,4.83,279.08,86.27,0,0,0
2016-01-23 14:00:00,-5.94,44.3,278.08,82.64,0,0,0
2016-01-23 15:00:00,-5.31,79.01,282.48,78.38,0,0,0
2016-01-23 16:00:00,-4.76,201.69,278.9,77.42,0,0,0
2016-01-23 17:00:00,-4.36,285.58,282.64,76.4,0,0,0
2016-01-23 18:00:00,-4.46,223.39,282.94,77.65,0,0,0
2016-01-23 19:00:00,-3.99,210.7,282.03,73.24,0,0,0
2016-01-23 20:00:00,-3.69,193.96,280.79,63.7,0,0,0
2016-01-23 21:00:00,-3.96,148.04,274.01,64.46,0,0,0
2016-01-23 22:00:00,-4.59,63.95,279.24,74.5,0,0,0
2016-01-23 23:00:00,-4.48,7.68,260.28,69.72,0,0,0
2016-01-24 00:00:00,-4.61,0,236.98,69.37,0,0,0
2016-01-24 01:00:00,-4.49,0,225,64.71,0,0,0
2016-01-24 02:00:00,-4.46,0,223.19,64.14,0,0,0
2016-01-24 03:00:00,-4.14,0,225.62,63.96,0,0,0
2016-01-24 04:00:00,-3.74,0,232.3,61.95,0,0,0
2016-01-24 05:00:00,-3.67,0,224.98,63.58,0,0,0
2016-01-24 06:00:00,-3.83,0,220.12,65.3,0,0,0
2016-01-24 07:00:00,-3.88,0,213.17,64.03,0,0,0
2016-01-24 08:00:00,-4.25,0,207.2,64.34,0,0,0
2016-01-24 09:00:00,-4.5,0,203.13,63.69,0,0,0
2016-01-24 10:00:00,-5.14,0,201.07,65.53,0,0,0
2016-01-24 11:00:00,-5.19,0,202.06,64.23,0,0,0
2016-01-24 12:00:00,-5.14,0,205.58,62.5,0,0,0
2016-01-24 13:00:00,-4.82,3.91,205.75,59.09,0,0,0
2016-01-24 14:00:00,-4.64,26.86,206.47,57.13,0,0,0
2016-01-24 15:00:00,-4.13,205.94,208.9,58.02,0,0,0
2016-01-24 16:00:00,-2.65,510.73,210.49,52.89,0,0,0
2016-01-24 17:00:00,-0.74,609.6,213.85,45.13,0,0,0
2016-01-24 18:00:00,1.04,643.26,215.65,38.97,0,0,0
2016-01-24 19:00:00,2.49,606.52,220.36,34.56,0,0,0
2016-01-24 20:00:00,3.96,503.11,220.67,31.05,0,0,0
2016-01-24 21:00:00,4.34,350.12,224.91,30.14,0,0,0
2016-01-24 22:00:00,2.08,34,233.08,43.38,0,0,0
2016-01-24 23:00:00,-0.75,4.69,231.11,63.37,0,0,0
2016-01-25 00:00:00,-2.28,0,229.58,70.95,0,0,0
2016-01-25 01:00:00,-3.03,0,229.31,73.47,0,0,0
2016-01-25 02:00:00,-3.06,0,230.58,69.83,0,0,0
2016-01-25 03:00:00,-3.97,0,229.99,75.62,0,0,0
2016-01-25 04:00:00,-4.46,0,230.85,77.85,0,0,0
2016-01-25 05:00:00,-4.59,0,232.84,78.94,0,0,0
2016-01-25 06:00:00,-4.5,0,244.78,78.82,0,0,0
2016-01-25 07:00:00,-3.83,0,252.16,74.32,0,0,0
2016-01-25 08:00:00,-2.48,0.05,255.34,63.17,0,0,0
2016-01-25 09:00:00,-2.42,0,257.37,63.57,0,0,0
2016-01-25 10:00:00,-1.81,0,261.29,61.13,0,0,0
2016-01-25 11:00:00,-2.38,0,246,64.89,0,0,0
2016-01-25 12:00:00,-3.3,0,244.44,71.3,0,0,0
2016-01-25 13:00:00,-3.08,8.4,248.79,68,0,0,0
2016-01-25 14:00:00,-0.64,81.07,265.75,55.85,0,0,0
2016-01-25 15:00:00,1.96,171.67,277.08,47.62,0,0,0
2016-01-25 16:00:00,5.16,297.31,271.82,32.14,0,0,0
2016-01-25 17:00:00,6.27,426.86,253.46,27.22,0,0,0
2016-01-25 18:00:00,7.2,491.5,256.42,26.52,0,0,0
2016-01-25 19:00:00,7.1,436.88,260.73,30.85,0,0,0
2016-01-25 20:00:00,7.64,388.79,255.69,30.11,0,0,0
2016-01-25 21:00:00,7.22,205.75,275.89,32.67,0,0,0
2016-01-25 22:00:00,6.75,68.51,288.82,37.61,0,0,0
2016-01-25 23:00:00,6.22,8.72,277.91,42.38,0,0,0
2016-01-26 00:00:00,4.63,0,270.15,52.45,0,0,0
2016-01-26 01:00:00,3.62,0,264.62,58.79,0,0,0
2016-01-26 02:00:00,0.61,0,256.62,81.56,0,0,0
2016-01-26 03:00:00,-0.28,0,251.3,85.08,0,0,0
2016-01-26 04:00:00,-0.93,0,241.46,86.68,0,0,0
2016-01-26 05:00:00,-1.74,0,238.17,88.25,0,0,0
2016-01-26 06:00:00,-2.67,0,240.25,89.64,0,0,0
2016-01-26 07:00:00,-2.71,0,250.93,87.97,0,0,0
2016-01-26 08:00:00,-2.43,0,255.99,87.17,0,0,0
2016-01-26 09:00:00,-1.91,0.06,275.22,85.68,0,0,0
2016-01-26 10:00:00,-1.46,0.19,288.97,85.72,0,0,0
2016-01-26 11:00:00,1.22,1.45,323.39,72.89,0,0,0
2016-01-26 12:00:00,2.85,0.89,336.19,69.32,0,0,0
2016-01-26 13:00:00,3.25,3.69,339.03,70.16,0,0,0
2016-01-26 14:00:00,2.87,37.41,337.68,75.55,0,0,0
2016-01-26 15:00:00,3.56,112.38,334.26,74.63,0,0,0
2016-01-26 16:00:00,8.04,364.33,300.59,51.59,0,0,0
2016-01-26 17:00:00,8.25,157.95,338.16,51.89,0,0,0
2016-01-26 18:00:00,6.98,175.57,342.58,61.72,0,0,0
2016-01-26 19:00:00,6.5,83.62,346.37,66.86,0,0,0
2016-01-26 20:00:00,5.27,78.94,340.33,75.47,0,0,0
2016-01-26 21:00:00,4.24,42.91,341.17,81.09,0,0,0
2016-01-26 22:00:00,4.38,27.5,339.34,84.13,0,0,0
2016-01-26 23:00:00,3.76,5.44,334.5,86.68,0,0,0
2016-01-27 00:00:00,2.92,0.5,332.2,89.73,0,0,0
2016-01-27 01:00:00,3.22,0.52,328.46,89.34,0,0,0
2016-01-27 02:00:00,3.58,0.63,332.2,89.73,0,0,0
2016-01-27 03:00:00,3.94,0.61,332.97,90.39,0,0,0
2016-01-27 04:00:00,4.68,0.51,336.42,90.41,0,0,0
2016-01-27 05:00:00,7.81,0.69,342.77,82.06,0,0,0
2016-01-27 06:00:00,7.54,0.01,343.03,87.29,0,0,0
2016-01-27 07:00:00,6.49,0,337.3,91.34,0,0,0
2016-01-27 08:00:00,4.6,0.35,336.43,93.46,0,0,0
2016-01-27 09:00:00,4.87,0.11,324.51,86.42,0,0,0
2016-01-27 10:00:00,5.22,0.22,319.77,75.53,0,0,0
2016-01-27 11:00:00,3.74,0,296.42,72.8,0,0,0
2016-01-27 12:00:00,2.79,0,289.67,73.98,0,0,0
2016-01-27 13:00:00,2.08,8.45,275.97,73.91,0,0,0
2016-01-27 14:00:00,1.86,74.79,268.9,70.53,0,0,0
2016-01-27 15:00:00,2.06,168.22,263.03,67.51,0,0,0
2016-01-27 16:00:00,2.2,428.08,238.28,62.27,0,0,0
2016-01-27 17:00:00,2.72,551.63,237.36,55.21,0,0,0
2016-01-27 18:00:00,3.47,558.52,238.55,49.04,0,0,0
2016-01-27 19:00:00,4.25,601.49,232.79,46.34,0,0,0
2016-01-27 20:00:00,4.68,416.48,235.38,45.29,0,0,0
2016-01-27 21:00:00,5.03,244.74,252.36,43.07,0,0,0
2016-01-27 22:00:00,4.37,84.72,258.97,50.31,0,0,0
2016-01-27 23:00:00,2.19,8.16,259.72,70.38,0,0,0
2016-01-28 00:00:00,0.96,0,251.96,75.87,4,0,0
2016-01-28 01:00:00,0.34,0,250.45,77.22,4,0,0
2016-01-28 02:00:00,-0.78,0,231.6,84.07,4,0,0
2016-01-28 03:00:00,-1.36,0,227.24,83.35,4,0,0
2016-01-28 04:00:00,-2.01,0,225,86.27,4,0,0
2016-01-28 05:00:00,-2.53,0,224.71,86.68,4,0,0
2016-01-28 06:00:00,-3.05,0,228.2,88.61,4,0,0
2016-01-28 07:00:00,-3.53,0,226.07,89.61,4,0,0
2016-01-28 08:00:00,-3.94,0,230.26,89.89,4,0,0
2016-01-28 09:00:00,-4.23,0,226.25,90.93,4,0,0
2016-01-28 10:00:00,-4.67,0,222.93,92.97,4,0,0
2016-01-28 11:00:00,-5.05,0,220.24,94.28,4,0,0
2016-01-28 12:00:00,-5.32,0,220.04,95.32,4,0,0
2016-01-28 13:00:00,-5.47,3.99,220.07,95.04,4,0,0
2016-01-28 14:00:00,-5.28,33.27,217.78,94.01,4,0,0
2016-01-28 15:00:00,-1.5,208.78,229.07,82.34,4,0,0
2016-01-28 16:00:00,1.33,445.17,226.98,70.6,4,0,0
2016-01-28 17:00:00,2.31,511.96,234,67.66,4,0,0
2016-01-28 18:00:00,3.12,444.43,246.74,60.15,4,0,0
2016-01-28 19:00:00,3.38,342.57,262.67,59.69,4,0,0
2016-01-28 20:00:00,4.23,396.84,251.63,58.1,4,0,0
2016-01-28 21:00:00,5,286.99,243.95,59.41,4,0,0
2016-01-28 22:00:00,4.59,89.45,267.46,61.77,4,0,0
2016-01-28 23:00:00,3.28,11.81,264.51,68.69,4,0,0
2016-01-29 00:00:00,1.48,0,267.25,79.89,0,0,0
2016-01-29 01:00:00,0.39,0,266.17,87.08,0,0,0
2016-01-29 02:00:00,0.66,0,259.91,79.03,0,0,0
2016-01-29 03:00:00,3.92,0.45,289.04,39.51,0,0,0
2016-01-29 04:00:00,4.87,0,271.65,39.16,0,0,0
2016-01-29 05:00:00,3.87,0,257.47,42.42,0,0,0
2016-01-29 06:00:00,3.62,0,251.64,45.88,0,0,0
2016-01-29 07:00:00,-0.08,0,238.88,68.8,0,0,0
2016-01-29 08:00:00,3.37,0.25,287.12,54.45,0,0,0
2016-01-29 09:00:00,4.05,0.07,303.22,54.12,0,0,0
2016-01-29 10:00:00,4.18,0,275.54,58.88,0,0,0
2016-01-29 11:00:00,3.77,0,281.55,65.97,0,0,0
2016-01-29 12:00:00,3.45,0,288.06,65.84,0,0,0
2016-01-29 13:00:00,3.32,4.24,304.69,65.7,0,0,0
2016-01-29 14:00:00,3.48,57.9,300.91,54.78,0,0,0
2016-01-29 15:00:00,3.21,141.63,274.22,49.45,0,0,0
2016-01-29 16:00:00,3.61,331.13,283.11,47.82,0,0,0
2016-01-29 17:00:00,3.79,427.2,291.66,49.34,0,0,0
2016-01-29 18:00:00,3.08,256.34,292.71,49.79,0,0,0
2016-01-29 19:00:00,2.2,280.48,284.62,49.22,0,0,0
2016-01-29 20:00:00,2.67,446.89,228.51,42.88,0,0,0
2016-01-29 21:00:00,2.89,383.38,219.4,38.86,0,0,0
2016-01-29 22:00:00,2.37,74.8,225.61,39.53,0,0,0
2016-01-29 23:00:00,1.84,6.14,227.95,41.09,0,0,0
2016-01-30 00:00:00,1.22,0,226.45,43.89,0,0,0
2016-01-30 01:00:00,0.43,0,228.73,47.47,0,0,0
2016-01-30 02:00:00,0.04,0,228.18,49.07,0,0,0
2016-01-30 03:00:00,-0.84,0,228.67,54.68,0,0,0
2016-01-30 04:00:00,-0.64,0,231.01,51.77,0,0,0
2016-01-30 05:00:00,-1.44,0,229.12,59.7,0,0,0
2016-01-30 06:00:00,-0.38,0,232.43,54.83,0,0,0
2016-01-30 07:00:00,-0.43,0,232.68,56.68,0,0,0
2016-01-30 08:00:00,-0.83,0,236.22,59.18,0,0,0
2016-01-30 09:00:00,-3.18,0,234.15,75.41,0,0,0
2016-01-30 10:00:00,-3.49,0.01,236.91,77.07,0,0,0
2016-01-30 11:00:00,-1.28,0.12,241.42,68.89,0,0,0
2016-01-30 12:00:00,-1.04,0.44,269.89,69.8,0,0,0
2016-01-30 13:00:00,-0.43,9.51,279.67,70.31,0,0,0
2016-01-30 14:00:00,-0.52,76.7,283.12,73.22,0,0,0
2016-01-30 15:00:00,1.95,205.62,247.1,56.8,0,0,0
2016-01-30 16:00:00,3.9,501.44,242.01,47.2,0,0,0
2016-01-30 17:00:00,5.01,608.84,244.08,45.31,0,0,0
2016-01-30 18:00:00,7.05,643.31,249.14,41.63,0,0,0
2016-01-30 19:00:00,8.65,593.26,253.42,38.61,0,0,0
2016-01-30 20:00:00,9.56,507.38,259.38,36.83,0,0,0
2016-01-30 21:00:00,10.14,374.62,260.19,35.93,0,0,0
2016-01-30 22:00:00,8.97,81.52,264.91,39.34,0,0,0
2016-01-30 23:00:00,7.55,9.07,266.7,46.16,0,0,0
2016-01-31 00:00:00,4.71,0,260.38,59.92,0,0,0
2016-01-31 01:00:00,4.67,0.05,262.81,59.76,0,0,0
2016-01-31 02:00:00,1.79,0,253.25,78.78,0,0,0
2016-01-31 03:00:00,0.82,0,249.47,82.93,0,0,0
2016-01-31 04:00:00,0.34,0,247.32,84.72,0,0,0
2016-01-31 05:00:00,-0.16,0,247.05,85.92,0,0,0
2016-01-31 06:00:00,-0.34,0,249.08,85.23,0,0,0
2016-01-31 07:00:00,-0.37,0,251.7,84.12,0,0,0
2016-01-31 08:00:00,-0.06,0,260.65,83.05,0,0,0
2016-01-31 09:00:00,0.72,0,257.67,80.17,0,0,0
2016-01-31 10:00:00,1.71,0.01,260.93,76.02,0,0,0
2016-01-31 11:00:00,0.42,0,256.85,84.32,0,0,0
2016-01-31 12:00:00,-0.03,0,257.45,86.47,0,0,0
2016-01-31 13:00:00,-0.23,6.62,258.13,89.16,0,0,0
2016-01-31 14:00:00,0.71,30.7,261.32,85.1,0,0,0
2016-01-31 15:00:00,4.17,205.08,269.93,70.96,0,0,0
2016-01-31 16:00:00,9.17,507.22,272.17,51,0,0,0
2016-01-31 17:00:00,11.81,575.24,273.06,42.44,0,0,0
2016-01-31 18:00:00,12.97,566.02,278.71,41,0,0,0
2016-01-31 19:00:00,14.09,543.73,278.61,41.48,0,0,0
2016-01-31 20:00:00,15.16,450.49,286.94,43.67,0,0,0
2016-01-31 21:00:00,15.19,371.26,295.76,44.67,0,0,0
2016-01-31 22:00:00,13.99,94.27,290.16,49.37,0,0,0
2016-01-31 23:00:00,13.06,10.36,292.42,55.98,0,0,0