"time","FLOW"
2013-05-16,0.0149
2013-05-17,0.0148
2013-05-18,0.0163
2013-05-19,0.026
2013-05-20,0.0373
2013-05-21,0.0262
2013-05-22,0.0204
2013-05-23,0.0195
2013-05-24,0.0184
2013-05-25,0.016
2013-05-26,0.0149
2013-05-27,0.014
2013-05-28,0.014
2013-05-29,0.0138
2013-05-30,0.0131
2013-05-31,0.0142
2013-06-01,0.0135
2013-06-02,0.0176
2013-06-03,0.0153
2013-06-04,0.0131
2013-06-05,0.0123
2013-06-06,0.0596
2013-06-07,0.0451
2013-06-08,0.0328
2013-06-09,0.0245
2013-06-10,0.0266
2013-06-11,0.0287
2013-06-12,0.0233
2013-06-13,0.0217
2013-06-14,0.0179
2013-06-15,0.0158
2013-06-16,0.015
2013-06-17,0.015
2013-06-18,0.0176
2013-06-19,0.0149
2013-06-20,0.0136
2013-06-21,0.0127
2013-06-22,0.0125
2013-06-23,0.0121
2013-06-24,0.0117
2013-06-25,0.0114
2013-06-26,0.0156
2013-06-27,0.0126
2013-06-28,0.0117
2013-06-29,0.0112
2013-06-30,0.0111
2013-07-01,0.0109
2013-07-02,0.0429
2013-07-03,0.0833
2013-07-04,0.0936
2013-07-05,0.0569
2013-07-06,0.0367
2013-07-07,0.0302
2013-07-08,0.0263
2013-07-09,0.0222
2013-07-10,0.0805
2013-07-11,0.0738
2013-07-12,0.0568
2013-07-13,0.0439
2013-07-14,0.0417
2013-07-15,0.0346
2013-07-16,0.0294
2013-07-17,0.0265
2013-07-18,0.0252
2013-07-19,0.0235
2013-07-20,0.0222
2013-07-21,0.0221
2013-07-22,0.0209
2013-07-23,0.0197
2013-07-24,0.0184
2013-07-25,0.0171
2013-07-26,0.0161
2013-07-27,0.0178
2013-07-28,0.017
2013-07-29,0.0151
2013-07-30,0.0141
2013-07-31,0.014
2013-08-01,0.0146
2013-08-02,0.0134
2013-08-03,0.0128
2013-08-04,0.0123
2013-08-05,0.0111
2013-08-06,0.0122
2013-08-07,0.0122
2013-08-08,0.0219
2013-08-09,0.0166
2013-08-10,0.0132
2013-08-11,0.0148
2013-08-12,0.0138
2013-08-13,0.0131
2013-08-14,0.0115
2013-08-15,0.0102
2013-08-16,0.0101
2013-08-17,0.0107
2013-08-18,0.0198
2013-08-19,0.014
2013-08-20,0.0121
2013-08-21,0.0112
2013-08-22,0.0109
2013-08-23,0.0102
2013-08-24,0.0096
2013-08-25,0.0089
2013-08-26,0.0087
2013-08-27,0.0091
2013-08-28,0.0096
2013-08-29,0.0091
2013-08-30,0.0083
2013-08-31,0.009
2013-09-01,0.0088
2013-09-02,0.0083
2013-09-03,0.0079
2013-09-04,0.0069
2013-09-05,0.0069
2013-09-06,0.0063
2013-09-07,0.0063
2013-09-08,0.0066
2013-09-09,0.0063
2013-09-10,0.0133
2013-09-11,0.024
2013-09-12,0.0221
2013-09-13,0.0212
2013-09-14,0.0206
2013-09-15,0.0202
2013-09-16,0.0208
2013-09-17,0.0201
2013-09-18,0.0196
2013-09-19,0.0196
2013-09-20,0.0215
2013-09-21,0.0248
2013-09-22,0.0227
2013-09-23,0.0206
2013-09-24,0.0198
2013-09-25,0.0199
2013-09-26,0.0201
2013-09-27,0.0197
2013-09-28,0.0189
2013-09-29,0.0192
2013-09-30,0.0183
2013-10-01,0.0184
2013-10-02,0.0183
2013-10-03,0.0179
2013-10-04,0.0179
2013-10-05,0.0178
2013-10-06,0.0171
2013-10-07,0.0296
2013-10-08,0.0196
2013-10-09,0.0183
2013-10-10,0.021
2013-10-11,0.0195
2013-10-12,0.0191
2013-10-13,0.0184
2013-10-14,0.0188
2013-10-15,0.0178
2013-10-16,0.0174
2013-10-17,0.0176
2013-10-18,0.0176
2013-10-19,0.0167
2013-10-20,0.0172
2013-10-21,0.0164
2013-10-22,0.0163
2013-10-23,0.018
2013-10-24,0.0176
2013-10-25,0.0179
2013-10-26,0.0169
2013-10-27,0.0173
2013-10-28,0.0172
2013-10-29,0.0168
2013-10-30,0.0165
2013-10-31,0.0157
2013-11-01,0.0178
2013-11-02,0.0183
2013-11-03,0.0193
2013-11-04,0.0186
2013-11-05,0.0182
2013-11-06,0.0177
2013-11-07,0.0195
2013-11-08,0.0203
2013-11-09,0.0196
2013-11-10,0.0202
2013-11-11,0.0193
2013-11-12,0.0215
2013-11-13,0.0211
2013-11-14,0.0201
2013-11-15,0.0211
2013-11-16,0.0224
2013-11-17,0.0198
2013-11-18,0.0228
2013-11-19,0.0224
2013-11-20,0.0212
2013-11-21,0.02
2013-11-22,0.0195
2013-11-23,0.0218
2013-11-24,0.0233
2013-11-25,0.0213
2013-11-26,0.0395
2013-11-27,0.0386
2013-11-28,0.0248
2013-11-29,0.0208
2013-11-30,0.019
2013-12-01,0.0186
2013-12-02,0.0179
2013-12-03,0.0181
2013-12-04,0.0174
2013-12-05,0.0166
2013-12-06,0.0229
2013-12-07,0.032
2013-12-08,0.0241
2013-12-09,0.0264
2013-12-10,0.0309
2013-12-11,0.0268
2013-12-12,0.0238
2013-12-13,0.0214
2013-12-14,0.021
2013-12-15,0.022
2013-12-16,0.0204
2013-12-17,0.02
2013-12-18,0.0204
2013-12-19,0.0187
2013-12-20,0.0184
2013-12-21,0.018
2013-12-22,0.0202
2013-12-23,0.0447
2013-12-24,0.0324
2013-12-25,0.0256
2013-12-26,0.0233
2013-12-27,0.0216
2013-12-28,0.0201
2013-12-29,0.0388
2013-12-30,0.0321
2013-12-31,0.0273
2014-01-01,0.024
2014-01-02,0.0228
2014-01-03,0.0266
2014-01-04,0.0223
2014-01-05,0.0213
2014-01-06,0.0245
2014-01-07,0.0414
2014-01-08,0.0329
2014-01-09,0.0208
2014-01-10,0.0223
2014-01-11,0.0346
2014-01-12,0.0343
2014-01-13,0.0275
2014-01-14,0.0268
2014-01-15,0.0257
2014-01-16,0.0247
2014-01-17,0.0236
2014-01-18,0.0245
2014-01-19,0.0228
2014-01-20,0.0221
2014-01-21,0.0231
2014-01-22,0.026
2014-01-23,0.0267
2014-01-24,0.0514
2014-01-25,0.0412
2014-01-26,0.0218
2014-01-27,0.0227
2014-01-28,0.0248
2014-01-29,0.0252
2014-01-30,0.03
2014-01-31,0.0207
2014-02-01,0.0195
2014-02-02,0.0195
2014-02-03,0.0453
2014-02-04,0.0323
2014-02-05,0.0281
2014-02-06,0.0268
2014-02-07,0.0249
2014-02-08,0.0236
2014-02-09,0.023
2014-02-10,0.0234
2014-02-11,0.0228
2014-02-12,0.0313
2014-02-13,0.0785
2014-02-14,0.0264
2014-02-15,0.0245
2014-02-16,0.0229
2014-02-17,0.0216
2014-02-18,0.0222
2014-02-19,0.0296
2014-02-20,0.031
2014-02-21,0.0507
2014-02-22,0.04
2014-02-23,0.032
2014-02-24,0.0287
2014-02-25,0.027
2014-02-26,0.0267
2014-02-27,0.0264
2014-02-28,0.025
2014-03-01,0.0238
2014-03-02,0.0242
2014-03-03,0.0366
2014-03-04,0.0318
2014-03-05,0.0285
2014-03-06,0.0266
2014-03-07,0.0273
2014-03-08,0.0183
2014-03-09,0.0128
2014-03-10,0.0125
2014-03-11,0.0123
2014-03-12,0.0126
2014-03-13,0.0129
2014-03-14,0.011
2014-03-15,0.0106
2014-03-16,0.0114
2014-03-17,0.012
2014-03-18,0.0122
2014-03-19,0.0128
2014-03-20,0.0149
2014-03-21,0.017
2014-03-22,0.0191
2014-03-23,0.0211
2014-03-24,0.0232
2014-03-25,0.0253
2014-03-26,0.0274
2014-03-27,0.0295
2014-03-28,0.0315
2014-03-29,0.0336
2014-03-30,0.0357
2014-03-31,0.0378
2014-04-01,0.0399
2014-04-02,0.0419
2014-04-03,0.044
2014-04-04,0.0461
2014-04-05,0.0482
2014-04-06,0.0503
2014-04-07,0.0524
2014-04-08,0.0544
2014-04-09,0.0565
2014-04-10,0.0586
2014-04-11,0.0607
2014-04-12,0.0628
2014-04-13,0.0648
2014-04-14,0.0669
2014-04-15,0.069
2014-04-16,0.0711
2014-04-17,0.0732
2014-04-18,0.0752
2014-04-19,0.0773
2014-04-20,0.0794
2014-04-21,0.0815
2014-04-22,0.0836
2014-04-23,0.0856
2014-04-24,0.0877
2014-04-25,0.0898
2014-04-26,0.0919
2014-04-27,0.094
2014-04-28,0.0961
2014-04-29,0.0981
2014-04-30,0.099
2014-05-01,0.0996
2014-05-02,0.0945
2014-05-03,0.0935
2014-05-04,0.0936
2014-05-05,0.0926
2014-05-06,0.0943
2014-05-07,0.0956
2014-05-08,0.0964
2014-05-09,0.0963
2014-05-10,0.0955
2014-05-11,0.0945
2014-05-12,0.0948
2014-05-13,0.096
2014-05-14,0.0941
2014-05-15,0.1076
2014-05-16,0.1092
2014-05-17,0.0993
2014-05-18,0.097
2014-05-19,0.096
2014-05-20,0.0956
2014-05-21,0.0968
2014-05-22,0.0961
2014-05-23,0.0946
2014-05-24,0.094
2014-05-25,0.0939
2014-05-26,0.0955
2014-05-27,0.0986
2014-05-28,0.1001
2014-05-29,0.0989
2014-05-30,0.0992
2014-05-31,0.0995
2014-06-01,0.0981
2014-06-02,0.0995
2014-06-03,0.0998
2014-06-04,0.1028
2014-06-05,0.1011
2014-06-06,0.0988
2014-06-07,0.0974
2014-06-08,0.0971
2014-06-09,0.0968
2014-06-10,0.0981
2014-06-11,0.1012
2014-06-12,0.0995
2014-06-13,0.0979
2014-06-14,0.0973
2014-06-15,0.0949
2014-06-16,0.0956
2014-06-17,0.0971
2014-06-18,0.0972
2014-06-19,0.0967
2014-06-20,0.0971
2014-06-21,0.0966
2014-06-22,0.0934
2014-06-23,0.0915
2014-06-24,0.0942
2014-06-25,0.0964
2014-06-26,0.0963
2014-06-27,0.0963
2014-06-28,0.0968
2014-06-29,0.0964
2014-06-30,0.0966
2014-07-01,0.0967
2014-07-02,0.0977
2014-07-03,0.1126
2014-07-04,0.1014
2014-07-05,0.0978
2014-07-06,0.0967
2014-07-07,0.0971
2014-07-08,0.097
2014-07-09,0.0979
2014-07-10,0.0976
2014-07-11,0.0972
2014-07-12,0.0963
2014-07-13,0.096
2014-07-14,0.0959
2014-07-15,0.0963
2014-07-16,0.0944
2014-07-17,0.0941
2014-07-18,0.0926
2014-07-19,0.0927
2014-07-20,0.0935
2014-07-21,0.0939
2014-07-22,0.0898
2014-07-23,0.088
2014-07-24,0.0943
2014-07-25,0.0976
2014-07-26,0.0889
2014-07-27,0.0888
2014-07-28,0.0874
2014-07-29,0.0869
2014-07-30,0.087
2014-07-31,0.0875
2014-08-01,0.0885
2014-08-02,0.0883
2014-08-03,0.0881
2014-08-04,0.0868
2014-08-05,0.0869
2014-08-06,0.0871
2014-08-07,0.0865
2014-08-08,0.0874
2014-08-09,0.0984
2014-08-10,0.0931
2014-08-11,0.1012
2014-08-12,0.118
2014-08-13,0.0977
2014-08-14,0.0917
2014-08-15,0.0908
2014-08-16,0.0902
2014-08-17,0.0904
2014-08-18,0.0915
2014-08-19,0.0902
2014-08-20,0.0875
2014-08-21,0.0869
2014-08-22,0.084
2014-08-23,0.0803
2014-08-24,0.1004
2014-08-25,0.0916
2014-08-26,0.0873
2014-08-27,0.0849
2014-08-28,0.0752
2014-08-29,0.0532
2014-08-30,0.0503
2014-08-31,0.0476
2014-09-01,0.0452
2014-09-02,0.0454
2014-09-03,0.0458
2014-09-04,0.0474
2014-09-05,0.0469
2014-09-06,0.0474
2014-09-07,0.0471
2014-09-08,0.0459
2014-09-09,0.0451
2014-09-10,0.0441
2014-09-11,0.0439
2014-09-12,0.0448
2014-09-13,0.0451
2014-09-14,0.0416
2014-09-15,0.0415
2014-09-16,0.0403
2014-09-17,0.0388
2014-09-18,0.0355
2014-09-19,0.0348
2014-09-20,0.0334
2014-09-21,0.0315
2014-09-22,0.0286
2014-09-23,0.0271
2014-09-24,0.0268
2014-09-25,0.0261
2014-09-26,0.0253
2014-09-27,0.0249
2014-09-28,0.024
2014-09-29,0.0239
2014-09-30,0.0243
2014-10-01,0.0233
2014-10-02,0.0228
2014-10-03,0.0234
2014-10-04,0.0229
2014-10-05,0.0218
2014-10-06,0.0209
2014-10-07,0.0248
2014-10-08,0.0286
2014-10-09,0.0257
2014-10-10,0.0249
2014-10-11,0.0253
2014-10-12,0.0311
2014-10-13,0.0318
2014-10-14,0.0349
2014-10-15,0.0542
2014-10-16,0.0432
2014-10-17,0.0395
2014-10-18,0.0376
2014-10-19,0.0368
2014-10-20,0.0352
2014-10-21,0.0315
2014-10-22,0.0307
2014-10-23,0.0267
2014-10-24,0.0209
2014-10-25,0.0202
2014-10-26,0.0154
2014-10-27,0.009
2014-10-28,0.0083
2014-10-29,0.0066
2014-10-30,0.0059
2014-10-31,0.0062
2014-11-01,0.0097
2014-11-02,0.006
2014-11-03,0.0051
2014-11-04,0.0051
2014-11-05,0.0048
2014-11-06,0.0052
2014-11-07,0.0051
2014-11-08,0.0054
2014-11-09,0.0055
2014-11-10,0.0054
2014-11-11,0.0055
2014-11-12,0.0053
2014-11-13,0.005
2014-11-14,0.0058
2014-11-15,0.0055
2014-11-16,0.0051
2014-11-17,0.0094
2014-11-18,0.0076
2014-11-19,0.0064
2014-11-20,0.0059
2014-11-21,0.0065
2014-11-22,0.0064
2014-11-23,0.0092
2014-11-24,0.0116
2014-11-25,0.0079
2014-11-26,0.0226
2014-11-27,0.0149
2014-11-28,0.0111
2014-11-29,0.0091
2014-11-30,0.0079
2014-12-01,0.0073
2014-12-02,0.0137
2014-12-03,0.0116
2014-12-04,0.0105
2014-12-05,0.011
2014-12-06,0.0113
2014-12-07,0.0116
2014-12-08,0.0113
2014-12-09,0.0119
2014-12-10,0.0117
2014-12-11,0.0121
2014-12-12,0.0116
2014-12-13,0.0113
2014-12-14,0.0123
2014-12-15,0.0109
2014-12-16,0.0105
2014-12-17,0.0121
2014-12-18,0.0137
2014-12-19,0.0153
2014-12-20,0.0149
2014-12-21,0.0145
2014-12-22,0.0155
2014-12-23,0.0162
2014-12-24,0.0229
2014-12-25,0.0226
2014-12-26,0.021
2014-12-27,0.0201
2014-12-28,0.0194
2014-12-29,0.0215
2014-12-30,0.0321
2014-12-31,0.0908
2015-01-01,0.0902
2015-01-02,0.0888
2015-01-03,0.0894
2015-01-04,0.0895
2015-01-05,0.0894
2015-01-06,0.0881
2015-01-07,0.0907
2015-01-08,0.0904
2015-01-09,0.086
2015-01-10,0.087
2015-01-11,0.085
2015-01-12,0.0857
2015-01-13,0.085
2015-01-14,0.0856
2015-01-15,0.0853
2015-01-16,0.0846
2015-01-17,0.0836
2015-01-18,0.0829
2015-01-19,0.0828
2015-01-20,0.0832
2015-01-21,0.0822
2015-01-22,0.0828
2015-01-23,0.084
2015-01-24,0.0859
2015-01-25,0.0834
2015-01-26,0.0839
2015-01-27,0.0858
2015-01-28,0.0809
2015-01-29,0.0638
2015-01-30,0.0569
2015-01-31,0.0506
2015-02-01,0.0433
2015-02-02,0.0455
2015-02-03,0.0458
2015-02-04,0.0391
2015-02-05,0.0409
2015-02-06,0.0371
2015-02-07,0.0322
2015-02-08,0.0309
2015-02-09,0.0307
2015-02-10,0.0321
2015-02-11,0.0312
2015-02-12,0.0312
2015-02-13,0.0331
2015-02-14,0.0307
2015-02-15,0.0428
2015-02-16,0.0379
2015-02-17,0.0429
2015-02-18,0.0329
2015-02-19,0.0354
2015-02-20,0.0307
2015-02-21,0.0338
2015-02-22,0.0385
2015-02-23,0.0373
2015-02-24,0.0354
2015-02-25,0.0335
2015-02-26,0.0337
2015-02-27,0.0333
2015-02-28,0.033
2015-03-01,0.0323
2015-03-02,0.0355
2015-03-03,0.0354
2015-03-04,0.0443
2015-03-05,0.0883
2015-03-06,0.0997
2015-03-07,0.0921
2015-03-08,0.0886
2015-03-09,0.0881
2015-03-10,0.0865
2015-03-11,0.0854
2015-03-12,0.0824
2015-03-13,0.0793
2015-03-14,0.0845
2015-03-15,0.0857
2015-03-16,0.0811
2015-03-17,0.0783
2015-03-18,0.0723
2015-03-19,0.0654
2015-03-20,0.0747
2015-03-21,0.0705
2015-03-22,0.0639
2015-03-23,0.0581
2015-03-24,0.055
2015-03-25,0.0535
2015-03-26,0.057
2015-03-27,0.0929
2015-03-28,0.093
2015-03-29,0.0851
2015-03-30,0.0811
2015-03-31,0.0759
2015-04-01,0.0687
2015-04-02,0.0625
2015-04-03,0.0603
2015-04-04,0.0589
2015-04-05,0.0515
2015-04-06,0.0462
2015-04-07,0.0514
2015-04-08,0.0531
2015-04-09,0.0661
2015-04-10,0.0641
2015-04-11,0.059
2015-04-12,0.0544
2015-04-13,0.0536
2015-04-14,0.0634
2015-04-15,0.0737
2015-04-16,0.0727
2015-04-17,0.0741
2015-04-18,0.0709
2015-04-19,0.0831
2015-04-20,0.1231
2015-04-21,0.0975
2015-04-22,0.0928
2015-04-23,0.0902
2015-04-24,0.0889
2015-04-25,0.0889
2015-04-26,0.0899
2015-04-27,0.0887
2015-04-28,0.087
2015-04-29,0.0854
2015-04-30,0.0848
2015-05-01,0.088
2015-05-02,0.085
2015-05-03,0.0828
2015-05-04,0.0807
2015-05-05,0.0794
2015-05-06,0.0754
2015-05-07,0.0723
2015-05-08,0.0698
2015-05-09,0.0652
2015-05-10,0.062
2015-05-11,0.0598
2015-05-12,0.0572
2015-05-13,0.0523
2015-05-14,0.0486
2015-05-15,0.0471
2015-05-16,0.0474
2015-05-17,0.0462
2015-05-18,0.051
2015-05-19,0.0523
2015-05-20,0.0479
2015-05-21,0.0463
2015-05-22,0.0449
2015-05-23,0.0422
2015-05-24,0.0405
2015-05-25,0.0386
2015-05-26,0.0378
2015-05-27,0.0367
2015-05-28,0.0353
2015-05-29,0.0338
2015-05-30,0.0327
2015-05-31,0.0333
2015-06-01,0.0379
2015-06-02,0.0467
2015-06-03,0.0616
2015-06-04,0.0617
2015-06-05,0.0593
2015-06-06,0.0545
2015-06-07,0.0494
2015-06-08,0.0618
2015-06-09,0.0696
2015-06-10,0.0621
2015-06-11,0.056
2015-06-12,0.0512
2015-06-13,0.049
2015-06-14,0.0474
2015-06-15,0.0452
2015-06-16,0.042
2015-06-17,0.0447
2015-06-18,0.0538
2015-06-19,0.0518
2015-06-20,0.0476
2015-06-21,0.0451
2015-06-22,0.041
2015-06-23,0.0382
2015-06-24,0.0328
2015-06-25,0.0293
2015-06-26,0.0296
2015-06-27,0.0358
2015-06-28,0.0321
2015-06-29,0.0282
2015-06-30,0.0275
2015-07-01,0.0279
2015-07-02,0.0265
2015-07-03,0.0264
2015-07-04,0.0279
2015-07-05,0.0301
2015-07-06,0.0451
2015-07-07,0.0439
2015-07-08,0.0408
2015-07-09,0.039
2015-07-10,0.033
2015-07-11,0.0313
2015-07-12,0.031
2015-07-13,0.0731
2015-07-14,0.0696
2015-07-15,0.0573
2015-07-16,0.0472
2015-07-17,0.0427
2015-07-18,0.0421
2015-07-19,0.0416
2015-07-20,0.0382
2015-07-21,0.0332
2015-07-22,0.0287
2015-07-23,0.0257
2015-07-24,0.0244
2015-07-25,0.023
2015-07-26,0.0217
2015-07-27,0.0206
2015-07-28,0.0263
2015-07-29,0.026
2015-07-30,0.0248
2015-07-31,0.0222
2015-08-01,0.0199
2015-08-02,0.0178
2015-08-03,0.0163
2015-08-04,0.0154
2015-08-05,0.0145
2015-08-06,0.0133
2015-08-07,0.0133
2015-08-08,0.0129
2015-08-09,0.012
2015-08-10,0.0158
2015-08-11,0.0257
2015-08-12,0.0231
2015-08-13,0.0214
2015-08-14,0.02
2015-08-15,0.019
2015-08-16,0.0182
2015-08-17,0.0171
2015-08-18,0.0161
2015-08-19,0.0162
2015-08-20,0.0157
2015-08-21,0.0142
2015-08-22,0.0129
2015-08-23,0.0121
2015-08-24,0.0115
2015-08-25,0.0095
2015-08-26,0.0106
2015-08-27,0.0116
2015-08-28,0.011
2015-08-29,0.0104
2015-08-30,0.0099
2015-08-31,0.0096
2015-09-01,0.0094
2015-09-02,0.0089
2015-09-03,0.0081
2015-09-04,0.0143
2015-09-05,0.0162
2015-09-06,0.0154
2015-09-07,0.0143
2015-09-08,0.0137
2015-09-09,0.0129
2015-09-10,0.0123
2015-09-11,0.0116
2015-09-12,0.0106
2015-09-13,0.0092
2015-09-14,0.0073
2015-09-15,0.0062
2015-09-16,0.0056
2015-09-17,0.0052
2015-09-18,0.0049
2015-09-19,0.0043
2015-09-20,0.0038
2015-09-21,0.0185
2015-09-22,0.0252
2015-09-23,0.0215
2015-09-24,0.0197
2015-09-25,0.0188
2015-09-26,0.0349
2015-09-27,0.0668
2015-09-28,0.0666
2015-09-29,0.1283
2015-09-30,0.0917
2015-10-01,0.0794
2015-10-02,0.0876
2015-10-03,0.107
2015-10-04,0.0933
2015-10-05,0.083
2015-10-06,0.0776
2015-10-07,0.0766
2015-10-08,0.0758
2015-10-09,0.0759
2015-10-10,0.0756
2015-10-11,0.0759
2015-10-12,0.0759
2015-10-13,0.0756
2015-10-14,0.0751
2015-10-15,0.0789
2015-10-16,0.0796
2015-10-17,0.0799
2015-10-18,0.0805
2015-10-19,0.0776
2015-10-20,0.0746
2015-10-21,0.0679
2015-10-22,0.0608
2015-10-23,0.0525
2015-10-24,0.0433
2015-10-25,0.0397
2015-10-26,0.0356
2015-10-27,0.0428
2015-10-28,0.1041
2015-10-29,0.0864
2015-10-30,0.0765
2015-10-31,0.0791
2015-11-01,0.0796
2015-11-02,0.0754
2015-11-03,0.0745
2015-11-04,0.0688
2015-11-05,0.0673
2015-11-06,0.0617
2015-11-07,0.0586
2015-11-08,0.0526
2015-11-09,0.0597
2015-11-10,0.0812
2015-11-11,0.0766
2015-11-12,0.0721
2015-11-13,0.0692
2015-11-14,0.0631
2015-11-15,0.0558
2015-11-16,0.0511
2015-11-17,0.0478
2015-11-18,0.0482
2015-11-19,0.0973
2015-11-20,0.0895
2015-11-21,0.0833
2015-11-22,0.0804
2015-11-23,0.0774
2015-11-24,0.0735
2015-11-25,0.0704
2015-11-26,0.0607
2015-11-27,0.0576
2015-11-28,0.0539
2015-11-29,0.0514
2015-11-30,0.0579
2015-12-01,0.0938
2015-12-02,0.0996
2015-12-03,0.0919
2015-12-04,0.0866
2015-12-05,0.0838
2015-12-06,0.0824
2015-12-07,0.0826
2015-12-08,0.0808
2015-12-09,0.0781
2015-12-10,0.0775
2015-12-11,0.0753
2015-12-12,0.0733
2015-12-13,0.0697
2015-12-14,0.0682
2015-12-15,0.0686
2015-12-16,0.0639
2015-12-17,0.07
2015-12-18,0.0729
2015-12-19,0.0687
2015-12-20,0.0641
2015-12-21,0.061
2015-12-22,0.0614
2015-12-23,0.0704
2015-12-24,0.0869
2015-12-25,0.0863
2015-12-26,0.0821
2015-12-27,0.0818
2015-12-28,0.0807
2015-12-29,0.0859
2015-12-30,0.0843
2015-12-31,0.0835
2016-01-01,0.0832
2016-01-02,0.0833
2016-01-03,0.0814
2016-01-04,0.0818
2016-01-05,0.0777
2016-01-06,0.0732
2016-01-07,0.0692
2016-01-08,0.0673
2016-01-09,0.0678
2016-01-10,0.0808
2016-01-11,0.0795
2016-01-12,0.0756
2016-01-13,0.0728
2016-01-14,0.0598
2016-01-15,0.0642
2016-01-16,0.0737
2016-01-17,0.073
2016-01-18,0.0777
2016-01-19,0.0757
2016-01-20,0.0552
2016-01-21,0.054
2016-01-22,0.0637
2016-01-23,0.0897
2016-01-24,0.0814
2016-01-25,0.0707
2016-01-26,0.0606
2016-01-27,0.0672
2016-01-28,0.0668
2016-01-29,0.0621
2016-01-30,0.0553
2016-01-31,0.0601
2016-02-01,0.0659
2016-02-02,0.0864
2016-02-03,0.1105
2016-02-04,0.112
2016-02-05,0.1039
2016-02-06,0.0966
2016-02-07,0.0952
2016-02-08,0.0947
2016-02-09,0.0963
2016-02-10,0.0975
2016-02-11,0.0965
2016-02-12,0.0919
2016-02-13,0.0976
2016-02-14,0.094
2016-02-15,0.0917
2016-02-16,0.1196
2016-02-17,0.1061
2016-02-18,0.1003
2016-02-19,0.0954
2016-02-20,0.0984
2016-02-21,0.1045
2016-02-22,0.1041
2016-02-23,0.1062
2016-02-24,0.1108
2016-02-25,0.1142
2016-02-26,0.1064
2016-02-27,0.0999
2016-02-28,0.0976
2016-02-29,0.0989
2016-03-01,0.0941
2016-03-02,0.1011
2016-03-03,0.0961
2016-03-04,0.0971
2016-03-05,0.095
2016-03-06,0.0953
2016-03-07,0.0933
2016-03-08,0.0928
2016-03-09,0.0927
2016-03-10,0.0911
2016-03-11,0.0927
2016-03-12,0.0896
2016-03-13,0.089
2016-03-14,0.0956
2016-03-15,0.1043
2016-03-16,0.0994
2016-03-17,0.0971
2016-03-18,0.0954
2016-03-19,0.0973
2016-03-20,0.0944
2016-03-21,0.1001
2016-03-22,0.0923
2016-03-23,0.093
2016-03-24,0.086
2016-03-25,0.0968
2016-03-26,0.0943
2016-03-27,0.084
2016-03-28,0.0936
2016-03-29,0.0956
2016-03-30,0.0881
2016-03-31,0.0831
2016-04-01,0.0903
2016-04-02,0.0909
2016-04-03,0.0962
2016-04-04,0.0885
2016-04-05,0.0968
2016-04-06,0.0808
2016-04-07,0.0885
2016-04-08,0.0907
2016-04-09,0.0996
2016-04-10,0.0901
2016-04-11,0.084
2016-04-12,0.0923
2016-04-13,0.0879
2016-04-14,0.0895
2016-04-15,0.0893
2016-04-16,0.0875
2016-04-17,0.0866
2016-04-18,0.0971
2016-04-19,0.0901
2016-04-20,0.0883
2016-04-21,0.0833
2016-04-22,0.0863
2016-04-23,0.0906
2016-04-24,0.0857
2016-04-25,0.0822
2016-04-26,0.0829
2016-04-27,0.0827
2016-04-28,0.0819
2016-04-29,0.0812
2016-04-30,0.0769
2016-05-01,0.0906
2016-05-02,0.0902
2016-05-03,0.0891
2016-05-04,0.0835
2016-05-05,0.0958
2016-05-06,0.0954
2016-05-07,0.0877
2016-05-08,0.0905
2016-05-09,0.0838
2016-05-10,0.083
2016-05-11,0.0865
2016-05-12,0.0836
2016-05-13,0.0846
2016-05-14,0.0823
2016-05-15,0.0843
2016-05-16,0.079
2016-05-17,0.075
2016-05-18,0.0757
2016-05-19,0.0753
2016-05-20,0.067
2016-05-21,0.0855
2016-05-22,0.0951
2016-05-23,0.0894
2016-05-24,0.0858
2016-05-25,0.0813
2016-05-26,0.079
2016-05-27,0.0794
2016-05-28,0.0766
2016-05-29,0.0736
2016-05-30,0.0768
2016-05-31,0.0785
2016-06-01,0.0751
2016-06-02,0.0683
2016-06-03,0.0637
2016-06-04,0.0587
2016-06-05,0.0646
2016-06-06,0.0595
2016-06-07,0.0538
2016-06-08,0.05
2016-06-09,0.0445
2016-06-10,0.0421
2016-06-11,0.0423
2016-06-12,0.0407
2016-06-13,0.0372
2016-06-14,0.0345
2016-06-15,0.0429
2016-06-16,0.0599
2016-06-17,0.0703
2016-06-18,0.0601
2016-06-19,0.0508
2016-06-20,0.0473
2016-06-21,0.0466
2016-06-22,0.0445
2016-06-23,0.058
2016-06-24,0.0778
2016-06-25,0.0701
2016-06-26,0.0637
2016-06-27,0.0585
2016-06-28,0.0544
2016-06-29,0.0471
2016-06-30,0.0449
2016-07-01,0.0433
2016-07-02,0.0461
2016-07-03,0.0583
2016-07-04,0.0615
2016-07-05,0.0682
2016-07-06,0.0587
2016-07-07,0.0509
2016-07-08,0.051
2016-07-09,0.049
2016-07-10,0.044
2016-07-11,0.0415
2016-07-12,0.0538
2016-07-13,0.0552
2016-07-14,0.0487
2016-07-15,0.0442
2016-07-16,0.0425
2016-07-17,0.0405
2016-07-18,0.0397
2016-07-19,0.0365
2016-07-20,0.0332
2016-07-21,0.0293
2016-07-22,0.0272
2016-07-23,0.0256
2016-07-24,0.0242
2016-07-25,0.0252
2016-07-26,0.0264
2016-07-27,0.0297
2016-07-28,0.0345
2016-07-29,0.039
2016-07-30,0.0372
2016-07-31,0.0403
2016-08-01,0.0387
2016-08-02,0.0356
2016-08-03,0.0369
2016-08-04,0.04
2016-08-05,0.0424
2016-08-06,0.0436
2016-08-07,0.0393
2016-08-08,0.0396
2016-08-09,0.0395
2016-08-10,0.0439
2016-08-11,0.0401
2016-08-12,0.0373
2016-08-13,0.0349
2016-08-14,0.0319
2016-08-15,0.0314
2016-08-16,0.0323
2016-08-17,0.0314
2016-08-18,0.0277
2016-08-19,0.0256
2016-08-20,0.0247
2016-08-21,0.0247
2016-08-22,0.0216
2016-08-23,0.0197
2016-08-24,0.019
2016-08-25,0.0192
2016-08-26,0.0183
2016-08-27,0.0175
2016-08-28,0.0162
2016-08-29,0.0147
2016-08-30,0.0139
2016-08-31,0.0142
2016-09-01,0.0181
2016-09-02,0.0151
2016-09-03,0.0135
2016-09-04,0.0128
2016-09-05,0.0121
2016-09-06,0.0113
2016-09-07,0.0104
2016-09-08,0.0099
2016-09-09,0.0091
2016-09-10,0.0086
2016-09-11,0.0074
2016-09-12,0.0059
2016-09-13,0.0054
2016-09-14,0.0055
2016-09-15,0.0041
2016-09-16,0.0038
2016-09-17,0.0037
2016-09-18,0.0038
2016-09-19,0.0429
2016-09-20,0.0316
2016-09-21,0.0276
2016-09-22,0.023
2016-09-23,0.0207
2016-09-24,0.019
2016-09-25,0.0172
2016-09-26,0.0195
2016-09-27,0.0309
2016-09-28,0.0418
2016-09-29,0.1041
2016-09-30,0.1319
2016-10-01,0.0851
2016-10-02,0.0838
2016-10-03,0.0768
2016-10-04,0.0763
2016-10-05,0.0755
2016-10-06,0.0748
2016-10-07,0.1031
2016-10-08,0.1393
2016-10-09,0.0981
2016-10-10,0.0842
2016-10-11,0.0813
2016-10-12,0.08
2016-10-13,0.0794
2016-10-14,0.0767
2016-10-15,0.0729
2016-10-16,0.0713
2016-10-17,0.0734
2016-10-18,0.0774
2016-10-19,0.0788
2016-10-20,0.0699
2016-10-21,0.0731
2016-10-22,0.0773
2016-10-23,0.0742
2016-10-24,0.0802
2016-10-25,0.0732
2016-10-26,0.0701
2016-10-27,0.0717
2016-10-28,0.0725
2016-10-29,0.0703
2016-10-30,0.0713
2016-10-31,0.0716
2016-11-01,0.0706
2016-11-02,0.0695
2016-11-03,0.069
2016-11-04,0.076
2016-11-05,0.0706
2016-11-06,0.0728
2016-11-07,0.0712
2016-11-08,0.0699
2016-11-09,0.0761
2016-11-10,0.0711
2016-11-11,0.0725
2016-11-12,0.0669
2016-11-13,0.0636
2016-11-14,0.0586
2016-11-15,0.0525
2016-11-16,0.0486
2016-11-17,0.0435
2016-11-18,0.039
2016-11-19,0.038
2016-11-20,0.0398
2016-11-21,0.0343
2016-11-22,0.0306
2016-11-23,0.0295
2016-11-24,0.0283
2016-11-25,0.0267
2016-11-26,0.0254
2016-11-27,0.0227
2016-11-28,0.0222
2016-11-29,0.0437
2016-11-30,0.0454
2016-12-01,0.0471
2016-12-02,0.0423
2016-12-03,0.0367
2016-12-04,0.0378
2016-12-05,0.0389
2016-12-06,0.0497
2016-12-07,0.0605
2016-12-08,0.0497
2016-12-09,0.0389
2016-12-10,0.0267
2016-12-11,0.0178
2016-12-12,0.0207
2016-12-13,0.011
2016-12-14,0.013
2016-12-15,0.0141
2016-12-16,0.0074
2016-12-17,0.0051
2016-12-18,0.0038
2016-12-19,0.0025
2016-12-20,0.0026
2016-12-21,0.0026
2016-12-22,0.0027
2016-12-23,0.0027
2016-12-24,0.0028
2016-12-25,0.0029
2016-12-26,0.0029
2016-12-27,0.003
2016-12-28,0.003
2016-12-29,0.0031
2016-12-30,0.0032
2016-12-31,0.0032
2017-01-01,0.0033
2017-01-02,0.0033
2017-01-03,0.0034
2017-01-04,0.0034
2017-01-05,0.002
2017-01-06,0.0022
2017-01-07,0.0023
2017-01-08,0.0057
2017-01-09,0.0034
2017-01-10,0.0021
2017-01-11,8e-04
2017-01-12,0.0016
2017-01-13,0.0015
2017-01-14,0.0015
2017-01-15,0.0014
2017-01-16,0.0014
2017-01-17,0.0013
2017-01-18,0.0013
2017-01-19,0.0056
2017-01-20,0.0099
2017-01-21,0.0141
2017-01-22,0.0184
2017-01-23,0.0227
2017-01-24,0.027
2017-01-25,0.0207
2017-01-26,0.0218
2017-01-27,0.0164
2017-01-28,0.0164
2017-01-29,0.014
2017-01-30,0.0152
2017-01-31,0.0141
2017-02-01,0.012
2017-02-02,0.0103
2017-02-03,0.0101
2017-02-04,0.0043
2017-02-05,0.0049
2017-02-06,0.0034
2017-02-07,0.0029
2017-02-08,0.0026
2017-02-09,0.003
2017-02-10,0.0015
2017-02-11,0.001
2017-02-12,9e-04
2017-02-13,7e-04
2017-02-14,3e-04
2017-02-15,1e-04
2017-02-16,2e-04
2017-02-17,3e-04
2017-02-18,4e-04
2017-02-19,5e-04
2017-02-20,6e-04
2017-02-21,7e-04
2017-02-22,8e-04
2017-02-23,9e-04
2017-02-24,0.001
2017-02-25,0.0011
2017-02-26,0.0011
2017-02-27,0.0012
2017-02-28,0.0013
2017-03-01,0.0014
2017-03-02,0.0015
2017-03-03,0.0016
2017-03-04,0.0017
2017-03-05,0.0018
2017-03-06,0.0019
2017-03-07,0.002
2017-03-08,0.0021
2017-03-09,0.0022
2017-03-10,0.0023
2017-03-11,0.0024
2017-03-12,0.0025
2017-03-13,0.0026
2017-03-14,0.0027
2017-03-15,0.0028
2017-03-16,0.0028
2017-03-17,0.0029
2017-03-18,0.003
2017-03-19,0.0031
2017-03-20,0.0032
2017-03-21,0.0033
2017-03-22,0.0034
2017-03-23,0.0035
2017-03-24,0.0036
2017-03-25,0.0037
2017-03-26,0.0038
2017-03-27,0.0039
2017-03-28,0.004
2017-03-29,0.0041
2017-03-30,0.0042
2017-03-31,0.0043
2017-04-01,0.0044
2017-04-02,0.0043
2017-04-03,0.0042
2017-04-04,0.0042
2017-04-05,0.0035
2017-04-06,0.0029
2017-04-07,0.0022
2017-04-08,0.0024
2017-04-09,0.0025
2017-04-10,0.0027
2017-04-11,0.0028
2017-04-12,0.003
2017-04-13,0.0032
2017-04-14,0.0033
2017-04-15,0.0035
2017-04-16,0.0036
2017-04-17,0.0038
2017-04-18,0.004
2017-04-19,0.0041
2017-04-20,0.0043
2017-04-21,0.0044
2017-04-22,0.0046
2017-04-23,0.0047
2017-04-24,0.0391
2017-04-25,0.0604
2017-04-26,0.0444
2017-04-27,0.044
2017-04-28,0.0448
2017-04-29,0.0418
2017-04-30,0.0379
2017-05-01,0.0352
2017-05-02,0.0357
2017-05-03,0.027
2017-05-04,0.0199
2017-05-05,0.1489
2017-05-06,0.0983
2017-05-07,0.0879
2017-05-08,0.0829
2017-05-09,0.0784
2017-05-10,0.0777
2017-05-11,0.0755
2017-05-12,0.0753
2017-05-13,0.0796
2017-05-14,0.0739
2017-05-15,0.0696
2017-05-16,0.0565
2017-05-17,0.0491
2017-05-18,0.0406
2017-05-19,0.0361
2017-05-20,0.0323
2017-05-21,0.0262
2017-05-22,0.0289
2017-05-23,0.0311
2017-05-24,0.0653
2017-05-25,0.1192
2017-05-26,0.0942
2017-05-27,0.0846
2017-05-28,0.0798
2017-05-29,0.08
2017-05-30,0.0749
2017-05-31,0.0689
2017-06-01,0.0612
2017-06-02,0.0515
2017-06-03,0.042
2017-06-04,0.0348
2017-06-05,0.0421
2017-06-06,0.0412
2017-06-07,0.0333
2017-06-08,0.027
2017-06-09,0.0264
2017-06-10,0.0239
2017-06-11,0.0209
2017-06-12,0.0185
2017-06-13,0.0211
2017-06-14,0.0206
2017-06-15,0.0191
2017-06-16,0.0191
2017-06-17,0.0314
2017-06-18,0.0422
2017-06-19,0.0418
2017-06-20,0.0431
2017-06-21,0.0358
2017-06-22,0.0219
2017-06-23,0.014
2017-06-24,0.0144
2017-06-25,0.0058
2017-06-26,0.0054
2017-06-27,0.0051
2017-06-28,0.0047
2017-06-29,0.0043
2017-06-30,0.0039
2017-07-01,0.0035
2017-07-02,0.0031
2017-07-03,0.0027
2017-07-04,0.0023
2017-07-05,0.0019
2017-07-06,0.0015
2017-07-07,0.0011
2017-07-08,0.0012
2017-07-09,0.0013
2017-07-10,0.0014
2017-07-11,0.0015
2017-07-12,0.0016
2017-07-13,0.0017
2017-07-14,0.0018
2017-07-15,0.0019
2017-07-16,0.002
2017-07-17,0.0021
2017-07-18,0.0022
2017-07-19,0.0023
2017-07-20,0.0024
2017-07-21,0.0025
2017-07-22,0.0026
2017-07-23,0.0027
2017-07-24,0.0028
2017-07-25,0.0028
2017-07-26,0.0028
2017-07-27,0.0028
2017-07-28,0.0028
2017-07-29,0.0028
2017-07-30,0.0028
2017-07-31,0.0028
2017-08-01,0.0028
2017-08-02,0.0028
2017-08-03,0.0029
2017-08-04,0.0029
2017-08-05,0.0029
2017-08-06,0.0029
2017-08-07,0.0029
2017-08-08,0.0029
2017-08-09,0.0029
2017-08-10,0.0029
2017-08-11,0.0029
2017-08-12,0.0029
2017-08-13,0.0029
2017-08-14,0.0029
2017-08-15,0.0029
2017-08-16,0.0029
2017-08-17,0.0029
2017-08-18,0.0029
2017-08-19,0.0029
2017-08-20,0.0029
2017-08-21,0.0029
2017-08-22,0.0029
2017-08-23,0.0029
2017-08-24,0.0029
2017-08-25,0.0029
2017-08-26,0.0029
2017-08-27,0.0029
2017-08-28,0.0029
2017-08-29,0.0029
2017-08-30,0.0029
2017-08-31,0.0029
2017-09-01,0.0029
2017-09-02,0.003
2017-09-03,0.003
2017-09-04,0.003
2017-09-05,0.003
2017-09-06,0.003
2017-09-07,0.003
2017-09-08,0.003
2017-09-09,0.003
2017-09-10,0.003
2017-09-11,0.003
2017-09-12,0.003
2017-09-13,0.003
2017-09-14,0.003
2017-09-15,0.003
2017-09-16,0.003
2017-09-17,0.003
2017-09-18,0.003
2017-09-19,0.003
2017-09-20,0.003
2017-09-21,0.003
2017-09-22,0.003
2017-09-23,0.003
2017-09-24,0.003
2017-09-25,0.003
2017-09-26,0.003
2017-09-27,0.003
2017-09-28,0.003
2017-09-29,0.003
2017-09-30,0.003
2017-10-01,0.003
2017-10-02,0.0031
2017-10-03,0.0031
2017-10-04,0.0031
2017-10-05,0.0031
2017-10-06,0.0031
2017-10-07,0.0031
2017-10-08,0.0031
2017-10-09,0.0031
2017-10-10,0.0031
2017-10-11,0.0031
2017-10-12,0.0031
2017-10-13,0.0031
2017-10-14,0.0031
2017-10-15,0.0031
2017-10-16,0.0031
2017-10-17,0.0031
2017-10-18,0.0031
2017-10-19,0.0031
2017-10-20,0.0031
2017-10-21,0.0031
2017-10-22,0.0031
2017-10-23,0.0031
2017-10-24,0.0031
2017-10-25,0.0031
2017-10-26,0.0031
2017-10-27,0.0031
2017-10-28,0.0031
2017-10-29,0.0031
2017-10-30,0.0031
2017-10-31,0.0031
2017-11-01,0.0032
2017-11-02,0.0032
2017-11-03,0.0032
2017-11-04,0.0032
2017-11-05,0.0032
2017-11-06,0.0032
2017-11-07,0.0032
2017-11-08,0.0032
2017-11-09,0.0032
2017-11-10,0.0032
2017-11-11,0.0032
2017-11-12,0.0032
2017-11-13,0.0032
2017-11-14,0.0032
2017-11-15,0.0032
2017-11-16,0.0032
2017-11-17,0.0029
2017-11-18,0.0029
2017-11-19,0.0036
2017-11-20,0.0028
2017-11-21,0.0029
2017-11-22,0.0043
2017-11-23,0.0043
2017-11-24,0.0036
2017-11-25,0.0033
2017-11-26,0.0033
2017-11-27,0.0032
2017-11-28,0.0031
2017-11-29,0.0028
2017-11-30,0.0023
2017-12-01,0.0026
2017-12-02,0.0017
2017-12-03,0.0019
2017-12-04,0.0014
2017-12-05,0.0012
2017-12-06,0.0014
2017-12-07,9e-04
2017-12-08,0.0011
2017-12-09,0.001
2017-12-10,6e-04
2017-12-11,5e-04
2017-12-12,0.0011
2017-12-13,0.0019
2017-12-14,8e-04
2017-12-15,0.001
2017-12-16,8e-04
2017-12-17,8e-04
2017-12-18,0.0015
2017-12-19,0.0019
2017-12-20,0.0011
2017-12-21,0.0013
2017-12-22,0.0011
2017-12-23,0.0019
2017-12-24,0.001
2017-12-25,0.001
2017-12-26,9e-04
2017-12-27,0.001
2017-12-28,0.0013
2017-12-29,0.0018
2017-12-30,8e-04
2017-12-31,0.0033
2018-01-01,0.0095
2018-01-02,0.0057
2018-01-03,0.0019
2018-01-04,0.0094
2018-01-05,0.0168
2018-01-06,0.0088
2018-01-07,0.0098
2018-01-08,0.0031
2018-01-09,0.0014
2018-01-10,0
2018-01-11,4e-04
2018-01-12,0.0047
2018-01-13,0.0053
2018-01-14,0.0023
2018-01-15,0.0042
2018-01-16,0.0038
2018-01-17,0.0034
2018-01-18,0.003
2018-01-19,0.0029
2018-01-20,0.0027
2018-01-21,0.0026
2018-01-22,0.0024
2018-01-23,0.0022
2018-01-24,0.0021
2018-01-25,0.0019
2018-01-26,0.0018
2018-01-27,0.0016
2018-01-28,0.0015
2018-01-29,0.0013
2018-01-30,0.0014
2018-01-31,0.0015
2018-02-01,0.0016
2018-02-02,0.0017
2018-02-03,0.0018
2018-02-04,0.0019
2018-02-05,0.0019
2018-02-06,4e-04
2018-02-07,0.0088
2018-02-08,0.0044
2018-02-09,0.0013
2018-02-10,0.0039
2018-02-11,0.0244
2018-02-12,0.008
2018-02-13,0.0047
2018-02-14,0.0014
2018-02-15,8e-04
2018-02-16,3e-04
2018-02-17,4e-04
2018-02-18,4e-04
2018-02-19,5e-04
2018-02-20,5e-04
2018-02-21,6e-04
2018-02-22,7e-04
2018-02-23,0.001
2018-02-24,0.0018
2018-02-25,0.0027
2018-02-26,0.003
2018-02-27,0.0028
2018-02-28,0.0028
2018-03-01,0.0057
2018-03-02,0.0072
2018-03-03,0.0057
2018-03-04,0.0047
2018-03-05,0.0041
2018-03-06,0.0044
2018-03-07,0.0045
2018-03-08,0.0044
2018-03-09,0.0041
2018-03-10,0.0036
2018-03-11,0.0035
2018-03-12,0.0056
2018-03-13,0.0075
2018-03-14,0.0089
2018-03-15,0.0091
2018-03-16,0.0093
2018-03-17,0.009
2018-03-18,0.0156
2018-03-19,0.0111
2018-03-20,0.0268
2018-03-21,0.0275
2018-03-22,0.0258
2018-03-23,0.0242
2018-03-24,0.0249
2018-03-25,0.0264
2018-03-26,0.0247
2018-03-27,0.0261
2018-03-28,0.0263
2018-03-29,0.0252
2018-03-30,0.0267
2018-03-31,0.0234
2018-04-01,0.0223
2018-04-02,0.0213
2018-04-03,0.0208
2018-04-04,0.0207
2018-04-05,0.0193
2018-04-06,0.0182
2018-04-07,0.018
2018-04-08,0.0169
2018-04-09,0.016
2018-04-10,0.0153
2018-04-11,0.0139
2018-04-12,0.0132
2018-04-13,0.0125
2018-04-14,0.0117
2018-04-15,0.0222
2018-04-16,0.0435
2018-04-17,0.0354
2018-04-18,0.0301
2018-04-19,0.0296
2018-04-20,0.0248
2018-04-21,0.0221
2018-04-22,0.0208
2018-04-23,0.0202
2018-04-24,0.0477
2018-04-25,0.0863
2018-04-26,0.0837
2018-04-27,0.0804
2018-04-28,0.0768
2018-04-29,0.0711
2018-04-30,0.0637
2018-05-01,0.0564
2018-05-02,0.05
2018-05-03,0.0458
2018-05-04,0.0415
2018-05-05,0.0356
2018-05-06,0.0326
2018-05-07,0.0303
2018-05-08,0.0313
2018-05-09,0.028
2018-05-10,0.026
2018-05-11,0.025
2018-05-12,0.0239
2018-05-13,0.0218
2018-05-14,0.0201
2018-05-15,0.0208
2018-05-16,0.0411
2018-05-17,0.1056
2018-05-18,0.1362
2018-05-19,0.1278
2018-05-20,0.0994
2018-05-21,0.0911
2018-05-22,0.093
2018-05-23,0.0923
2018-05-24,0.0877
2018-05-25,0.086
2018-05-26,0.0866
2018-05-27,0.0927
2018-05-28,0.0954
2018-05-29,0.0907
2018-05-30,0.0893
2018-05-31,0.0901
2018-06-01,0.0908
2018-06-02,0.0885
2018-06-03,0.0865
2018-06-04,0.0844
2018-06-05,0.0836
2018-06-06,0.0832
2018-06-07,0.0822
2018-06-08,0.0827
2018-06-09,0.0823
2018-06-10,0.0595
2018-06-11,0.0111
2018-06-12,0.0079
2018-06-13,0.0069
2018-06-14,0.0078
2018-06-15,0.0125
2018-06-16,0.0155
2018-06-17,0.0155
2018-06-18,0.0739
2018-06-19,0.0816
2018-06-20,0.078
2018-06-21,0.0741
2018-06-22,0.0743
2018-06-23,0.0585
2018-06-24,0.0463
2018-06-25,0.0412
2018-06-26,0.0408
2018-06-27,0.0345
2018-06-28,0.0282
2018-06-29,0.0227
2018-06-30,0.0189
2018-07-01,0.0153
2018-07-02,0.0115
2018-07-03,0.0088
2018-07-04,0.0061
2018-07-05,0.0032
2018-07-06,0.0019
2018-07-07,0.0013
2018-07-08,4e-04
2018-07-09,3e-04
2018-07-10,4e-04
2018-07-11,4e-04
2018-07-12,1e-04
2018-07-13,2e-04
2018-07-14,3e-04
2018-07-15,4e-04
2018-07-16,6e-04
2018-07-17,7e-04
2018-07-18,6e-04
2018-07-19,6e-04
2018-07-20,5e-04
2018-07-21,5e-04
2018-07-22,4e-04
2018-07-23,0.0022
2018-07-24,0.004
2018-07-25,0.0063
2018-07-26,0.002
2018-07-27,0.0012
2018-07-28,7e-04
2018-07-29,3e-04
2018-07-30,5e-04
2018-07-31,7e-04
2018-08-01,0.0015
2018-08-02,0.0093
2018-08-03,0.006
2018-08-04,0.0029
2018-08-05,0.0011
2018-08-06,5e-04
2018-08-07,4e-04
2018-08-08,3e-04
2018-08-09,2e-04
2018-08-10,1e-04
2018-08-11,2e-04
2018-08-12,3e-04
2018-08-13,3e-04
2018-08-14,3e-04
2018-08-15,3e-04
2018-08-16,3e-04
2018-08-17,4e-04
2018-08-18,4e-04
2018-08-19,4e-04
2018-08-20,0
2018-08-21,0.0034
2018-08-22,0.001
2018-08-23,9e-04
2018-08-24,8e-04
2018-08-25,7e-04
2018-08-26,6e-04
2018-08-27,4e-04
2018-08-28,3e-04
2018-08-29,2e-04
2018-08-30,1e-04
2018-08-31,0
2018-09-01,0.0014
2018-09-02,0.0029
2018-09-03,0.0043
2018-09-04,0.0057
2018-09-05,0.0071
2018-09-06,0.0086
2018-09-07,0.01
2018-09-08,0.0114
2018-09-09,0.0129
2018-09-10,0.0051
2018-09-11,9e-04
2018-09-12,0.0018
2018-09-13,6e-04
2018-09-14,1e-04
2018-09-15,2e-04
2018-09-16,0.0062
2018-09-17,0.0458
2018-09-18,0.0076
2018-09-19,0.0021
2018-09-20,8e-04
2018-09-21,3e-04
2018-09-22,0.0118
2018-09-23,0.0572
2018-09-24,0.0119
2018-09-25,0.0057
2018-09-26,0.004
2018-09-27,0.0089
2018-09-28,0.0153
2018-09-29,0.0114
2018-09-30,0.0082
2018-10-01,0.007
2018-10-02,0.0061
2018-10-03,0.0052
2018-10-04,0.004
2018-10-05,0.0026
2018-10-06,0.002
2018-10-07,0.0018
2018-10-08,0.0011
2018-10-09,0.0014
2018-10-10,0.004
2018-10-11,0.1136
2018-10-12,0.0969
2018-10-13,0.0749
2018-10-14,0.0714
2018-10-15,0.0767
2018-10-16,0.0793
2018-10-17,0.0707
2018-10-18,0.0588
2018-10-19,0.0466
2018-10-20,0.04
2018-10-21,0.033
2018-10-22,0.027
2018-10-23,0.0246
2018-10-24,0.0214
2018-10-25,0.0191
2018-10-26,0.025
2018-10-27,0.0283
2018-10-28,0.0232
2018-10-29,0.0205
2018-10-30,0.0185
2018-10-31,0.0165
2018-11-01,0.0146
2018-11-02,0.0181
2018-11-03,0.0174
2018-11-04,0.0144
2018-11-05,0.0141
2018-11-06,0.0153
2018-11-07,0.0145
2018-11-08,0.0117
2018-11-09,0.0119
2018-11-10,0.0111
2018-11-11,0.0093
2018-11-12,0.0159
2018-11-13,0.0328
2018-11-14,0.0267
2018-11-15,0.0648
2018-11-16,0.0808
2018-11-17,0.0715
2018-11-18,0.0665
2018-11-19,0.0649
2018-11-20,0.0598
2018-11-21,0.0514
2018-11-22,0.0452
2018-11-23,0.0389
2018-11-24,0.0535
2018-11-25,0.0571
2018-11-26,0.052
2018-11-27,0.0494
2018-11-28,0.0451
2018-11-29,0.0409
2018-11-30,0.0387
2018-12-01,0.0378
2018-12-02,0.0347
2018-12-03,0.0344
2018-12-04,0.031
2018-12-05,0.0292
2018-12-06,0.0267
2018-12-07,0.025
2018-12-08,0.0231
2018-12-09,0.028
2018-12-10,0.0297
2018-12-11,0.0282
2018-12-12,0.0259
2018-12-13,0.0254
2018-12-14,0.0343
2018-12-15,0.0735
2018-12-16,0.0886
2018-12-17,0.088
2018-12-18,0.0883
2018-12-19,0.0839
2018-12-20,0.0949
2018-12-21,0.115
2018-12-22,0.1012
2018-12-23,0.0934
2018-12-24,0.0899
2018-12-25,0.0873
2018-12-26,0.0853
2018-12-27,0.0836
2018-12-28,0.1021
2018-12-29,0.0975
2018-12-30,0.0906
2018-12-31,0.0848
2019-01-01,0.0832
2019-01-02,0.0816
2019-01-03,0.0821
2019-01-04,0.0818
2019-01-05,0.0817
2019-01-06,0.0794
2019-01-07,0.0787
2019-01-08,0.0787
2019-01-09,0.0798
2019-01-10,0.0861
2019-01-11,0.0821
2019-01-12,0.0784
2019-01-13,0.0786
2019-01-14,0.0722
2019-01-15,0.0734
2019-01-16,0.0705
2019-01-17,0.0658
2019-01-18,0.0628
2019-01-19,0.0616
2019-01-20,0.0824
2019-01-21,0.0801
2019-01-22,0.0692
2019-01-23,0.0631
2019-01-24,0.076
2019-01-25,0.0799
2019-01-26,0.0767
2019-01-27,0.07
2019-01-28,0.0632
2019-01-29,0.0602
2019-01-30,0.0586
2019-01-31,0.0554
2019-02-01,0.052
2019-02-02,0.0509
2019-02-03,0.0497
2019-02-04,0.0483
2019-02-05,0.0463
2019-02-06,0.0441
2019-02-07,0.0446
2019-02-08,0.0424
2019-02-09,0.0386
2019-02-10,0.0358
2019-02-11,0.0378
2019-02-12,0.0476
2019-02-13,0.0504
2019-02-14,0.0459
2019-02-15,0.0434
2019-02-16,0.0476
2019-02-17,0.0512
2019-02-18,0.0639
2019-02-19,0.0601
2019-02-20,0.0767
2019-02-21,0.1007
2019-02-22,0.1135
2019-02-23,0.1329
2019-02-24,0.1219
2019-02-25,0.1027
2019-02-26,0.0975
2019-02-27,0.0923
2019-02-28,0.0866
2019-03-01,0.0862
2019-03-02,0.0874
2019-03-03,0.0865
2019-03-04,0.0914
2019-03-05,0.088
2019-03-06,0.0866
2019-03-07,0.0829
2019-03-08,0.0818
2019-03-09,0.0826
2019-03-10,0.0805
2019-03-11,0.085
2019-03-12,0.0832
2019-03-13,0.0823
2019-03-14,0.0825
2019-03-15,0.0839
2019-03-16,0.0842
2019-03-17,0.0836
2019-03-18,0.0842
2019-03-19,0.0835
2019-03-20,0.083
2019-03-21,0.0836
2019-03-22,0.0827
2019-03-23,0.0771
2019-03-24,0.0776
2019-03-25,0.0754
2019-03-26,0.0736
2019-03-27,0.0701
2019-03-28,0.0697
2019-03-29,0.0709
2019-03-30,0.0713
2019-03-31,0.0729
2019-04-01,0.0768
2019-04-02,0.0763
2019-04-03,0.0716
2019-04-04,0.0635
2019-04-05,0.0604
2019-04-06,0.0595
2019-04-07,0.0547
2019-04-08,0.0641
2019-04-09,0.0699
2019-04-10,0.0616
2019-04-11,0.0559
2019-04-12,0.0573
2019-04-13,0.0673
2019-04-14,0.1219
2019-04-15,0.1388
2019-04-16,0.0978
2019-04-17,0.093
2019-04-18,0.0909
2019-04-19,0.0967
2019-04-20,0.0981
2019-04-21,0.091
2019-04-22,0.0908
2019-04-23,0.092
2019-04-24,0.0908
2019-04-25,0.0892
2019-04-26,0.0906
2019-04-27,0.0889
2019-04-28,0.0901
2019-04-29,0.0876
2019-04-30,0.0888
2019-05-01,0.0889
2019-05-02,0.0882
2019-05-03,0.0873
2019-05-04,0.0858
2019-05-05,0.0838
2019-05-06,0.0797
2019-05-07,0.0757
2019-05-08,0.0702
2019-05-09,0.0641
2019-05-10,0.0575
2019-05-11,0.0557
2019-05-12,0.0611
2019-05-13,0.0601
2019-05-14,0.0538
2019-05-15,0.0472
2019-05-16,0.0421
2019-05-17,0.0381
2019-05-18,0.0345
2019-05-19,0.0313
2019-05-20,0.0289
2019-05-21,0.0258
2019-05-22,0.0233
2019-05-23,0.023
2019-05-24,0.0218
2019-05-25,0.0221
2019-05-26,0.0238
2019-05-27,0.0231
2019-05-28,0.0224
2019-05-29,0.0214
2019-05-30,0.0205
2019-05-31,0.0207
2019-06-01,0.0202
2019-06-02,0.0182
2019-06-03,0.0215
2019-06-04,0.0249
2019-06-05,0.0283
2019-06-06,0.0317
2019-06-07,0.0351
2019-06-08,0.0636
2019-06-09,0.062
2019-06-10,0.0698
2019-06-11,0.0764
2019-06-12,0.0653
2019-06-13,0.0601
2019-06-14,0.0493
2019-06-15,0.0436
2019-06-16,0.0416
2019-06-17,0.0399
2019-06-18,0.0383
2019-06-19,0.0369
2019-06-20,0.0355
2019-06-21,0.0311
2019-06-22,0.0283
2019-06-23,0.0261
2019-06-24,0.0284
2019-06-25,0.0308
2019-06-26,0.0266
2019-06-27,0.0262
2019-06-28,0.0257
2019-06-29,0.0189
2019-06-30,0.0105
2019-07-01,0.0091
2019-07-02,0.0156
2019-07-03,0.0139
2019-07-04,0.0135
2019-07-05,0.0124
2019-07-06,0.0106
2019-07-07,0.0092
2019-07-08,0.009
2019-07-09,0.0087
2019-07-10,0.0074
2019-07-11,0.0083
2019-07-12,0.0077
2019-07-13,0.0071
2019-07-14,0.0065
2019-07-15,0.0074
2019-07-16,0.007
2019-07-17,0.0074
2019-07-18,0.0077
2019-07-19,0.0069
2019-07-20,0.0068
2019-07-21,0.0088
2019-07-22,0.0093
2019-07-23,0.0156
2019-07-24,0.011
2019-07-25,0.0094
2019-07-26,0.0092
2019-07-27,0.0089
2019-07-28,0.0088
2019-07-29,0.0083
2019-07-30,0.0098
2019-07-31,0.0154
2019-08-01,0.0128
2019-08-02,0.0112
2019-08-03,0.0086
2019-08-04,0.0077
2019-08-05,0.008
2019-08-06,0.0438
2019-08-07,0.0278
2019-08-08,0.0241
2019-08-09,0.0213
2019-08-10,0.0179
2019-08-11,0.0154
2019-08-12,0.0117
2019-08-13,0.0092
2019-08-14,0.0077
2019-08-15,0.0099
2019-08-16,0.0105
2019-08-17,0.009
2019-08-18,0.0076
2019-08-19,0.007
2019-08-20,0.0064
2019-08-21,0.0062
2019-08-22,0.0063
2019-08-23,0.0117
2019-08-24,0.0106
2019-08-25,0.0079
2019-08-26,0.0072
2019-08-27,0.0079
2019-08-28,0.0072
2019-08-29,0.0077
2019-08-30,0.0072
2019-08-31,0.0071
2019-09-01,0.0075
2019-09-02,0.0069
2019-09-03,0.0063
2019-09-04,0.0061
2019-09-05,0.0062
2019-09-06,0.0064
2019-09-07,0.0063
2019-09-08,0.0064
2019-09-09,0.0061
2019-09-10,0.0063
2019-09-11,0.0066
2019-09-12,0.0075
2019-09-13,0.0068
2019-09-14,0.0072
2019-09-15,0.007
2019-09-16,0.0064
2019-09-17,0.0062
2019-09-18,0.0061
2019-09-19,0.0062
2019-09-20,0.0061
2019-09-21,0.0061
2019-09-22,0.0061
2019-09-23,0.0058
2019-09-24,0.006
2019-09-25,0.0059
2019-09-26,0.0059
2019-09-27,0.006
2019-09-28,0.0062
2019-09-29,0.006
2019-09-30,0.0059
2019-10-01,0.006
2019-10-02,0.0056
2019-10-03,0.0055
2019-10-04,0.0052
2019-10-05,0.0059
2019-10-06,0.0073
2019-10-07,0.0061
2019-10-08,0.0078
2019-10-09,0.0067
2019-10-10,0.0065
2019-10-11,0.0065
2019-10-12,0.0061
2019-10-13,0.006
2019-10-14,0.0062
2019-10-15,0.0059
2019-10-16,0.0108
2019-10-17,0.0072
2019-10-18,0.0068
2019-10-19,0.0066
2019-10-20,0.0197
2019-10-21,0.008
2019-10-22,0.0124
2019-10-23,0.0086
2019-10-24,0.0074
2019-10-25,0.007
2019-10-26,0.0072
2019-10-27,0.0178
2019-10-28,0.009
2019-10-29,0.008
2019-10-30,0.0105
2019-10-31,0.0218
2019-11-01,0.0159
2019-11-02,0.0104
2019-11-03,0.009
2019-11-04,0.0085
2019-11-05,0.0081
2019-11-06,0.0079
2019-11-07,0.008
2019-11-08,0.0081
2019-11-09,0.0079
2019-11-10,0.0078
2019-11-11,0.0078
2019-11-12,0.0085
2019-11-13,0.008
2019-11-14,0.0078
2019-11-15,0.0079
2019-11-16,0.0079
2019-11-17,0.008
2019-11-18,0.0087
2019-11-19,0.0082
2019-11-20,0.008
2019-11-21,0.0078
2019-11-22,0.0079
2019-11-23,0.0095
2019-11-24,0.0099
2019-11-25,0.0084
2019-11-26,0.0079
2019-11-27,0.009
2019-11-28,0.0087
2019-11-29,0.0081
2019-11-30,0.0097
2019-12-01,0.0251
2019-12-02,0.0153
2019-12-03,0.0117
2019-12-04,0.0098
2019-12-05,0.0151
2019-12-06,0.0129
2019-12-07,0.0084
2019-12-08,0.0083
2019-12-09,0.0114
2019-12-10,0.0107
2019-12-11,0.0106
2019-12-12,0.0095
2019-12-13,0.0119
2019-12-14,0.0199
2019-12-15,0.0152
2019-12-16,0.0121
2019-12-17,0.0112
2019-12-18,0.0102
2019-12-19,0.0094
2019-12-20,0.0093
2019-12-21,0.0092
2019-12-22,0.009
2019-12-23,0.009
2019-12-24,0.0083
2019-12-25,0.0083
2019-12-26,0.0078
2019-12-27,0.008
2019-12-28,0.008
2019-12-29,0.0094
2019-12-30,0.0091
2019-12-31,0.0081
2020-01-01,0.0074
2020-01-02,0.0078
2020-01-03,0.0093
2020-01-04,0.0096
2020-01-05,0.0088
2020-01-06,0.0082
2020-01-07,0.0089
2020-01-08,0.0074
2020-01-09,0.0077
2020-01-10,0.0084
2020-01-11,0.0132
2020-01-12,0.029
2020-01-13,0.0162
2020-01-14,0.0131
2020-01-15,0.0111
2020-01-16,0.0093
2020-01-17,0.0091
2020-01-18,0.0116
2020-01-19,0.0099
2020-01-20,0.0108
2020-01-21,0.0114
2020-01-22,0.0106
2020-01-23,0.0107
2020-01-24,0.0181
2020-01-25,0.0254
2020-01-26,0.0167
2020-01-27,0.0132
2020-01-28,0.0112
2020-01-29,0.0103
2020-01-30,0.0096
2020-01-31,0.0095
2020-02-01,0.0093
2020-02-02,0.0091
2020-02-03,0.0088
2020-02-04,0.0087
2020-02-05,0.0103
2020-02-06,0.0436
2020-02-07,0.0484
2020-02-08,0.0268
2020-02-09,0.0188
2020-02-10,0.0168
2020-02-11,0.0173
2020-02-12,0.0169
2020-02-13,0.0217
2020-02-14,0.0206
2020-02-15,0.0176
2020-02-16,0.0157
2020-02-17,0.0145
2020-02-18,0.0136
2020-02-19,0.0132
2020-02-20,0.0119
2020-02-21,0.0117
2020-02-22,0.0114
2020-02-23,0.0111
2020-02-24,0.0111
2020-02-25,0.0121
2020-02-26,0.0117
2020-02-27,0.0115
2020-02-28,0.011
2020-02-29,0.011
2020-03-01,0.0104
2020-03-02,0.0102
2020-03-03,0.0107
2020-03-04,0.0101
2020-03-05,0.01
2020-03-06,0.0104
2020-03-07,0.0102
2020-03-08,0.0097
2020-03-09,0.0097
2020-03-10,0.0099
2020-03-11,0.0099
2020-03-12,0.0098
2020-03-13,0.0133
2020-03-14,0.0108
2020-03-15,0.0114
2020-03-16,0.0109
2020-03-17,0.0109
2020-03-18,0.0106
2020-03-19,0.0115
2020-03-20,0.0114
2020-03-21,0.0115
2020-03-22,0.0105
2020-03-23,0.0129
2020-03-24,0.0123
2020-03-25,0.0276
2020-03-26,0.0201
2020-03-27,0.0165
2020-03-28,0.014
2020-03-29,0.0129
2020-03-30,0.0119
2020-03-31,0.0156
2020-04-01,0.0167
2020-04-02,0.0148
2020-04-03,0.0137
2020-04-04,0.0129
2020-04-05,0.0122
2020-04-06,0.0121
2020-04-07,0.012
2020-04-08,0.0121
2020-04-09,0.0119
2020-04-10,0.0114
2020-04-11,0.0108
2020-04-12,0.0126
2020-04-13,0.1101
2020-04-14,0.0921
2020-04-15,0.0906
2020-04-16,0.0855
2020-04-17,0.0797
2020-04-18,0.0763
2020-04-19,0.0686
2020-04-20,0.0663
2020-04-21,0.061
2020-04-22,0.0534
2020-04-23,0.0497
2020-04-24,0.0534
2020-04-25,0.0515
2020-04-26,0.065
2020-04-27,0.063
2020-04-28,0.0565
2020-04-29,0.054
2020-04-30,0.1141
2020-05-01,0.1008
2020-05-02,0.0947
2020-05-03,0.0926
2020-05-04,0.0906
2020-05-05,0.0851
2020-05-06,0.0819
2020-05-07,0.0741
2020-05-08,0.0664
2020-05-09,0.0594
2020-05-10,0.0528
2020-05-11,0.049
2020-05-12,0.0438
2020-05-13,0.0395
2020-05-14,0.0393
2020-05-15,0.039
2020-05-16,0.0387
2020-05-17,0.0384
2020-05-18,0.0382
2020-05-19,0.0379
2020-05-20,0.0376
2020-05-21,0.0373
2020-05-22,0.0371
2020-05-23,0.0368
2020-05-24,0.0365
2020-05-25,0.0362
2020-05-26,0.036
2020-05-27,0.0357
2020-05-28,0.0354
2020-05-29,0.0351
2020-05-30,0.0349
2020-05-31,0.0346
2020-06-01,0.0343
2020-06-02,0.034
2020-06-03,0.0338
2020-06-04,0.0335
2020-06-05,0.0332
2020-06-06,0.0329
2020-06-07,0.0327
2020-06-08,0.0324
2020-06-09,0.0321
2020-06-10,0.0318
2020-06-11,0.0315
2020-06-12,0.0313
2020-06-13,0.031
2020-06-14,0.0307
2020-06-15,0.0304
2020-06-16,0.0302
2020-06-17,0.0299
2020-06-18,0.0296
2020-06-19,0.0293
2020-06-20,0.0291
2020-06-21,0.0288
2020-06-22,0.0285
2020-06-23,0.0282
2020-06-24,0.028
2020-06-25,0.0277
2020-06-26,0.0274
2020-06-27,0.0271
2020-06-28,0.0269
2020-06-29,0.0266
2020-06-30,0.0263
2020-07-01,0.026
2020-07-02,0.0258
2020-07-03,0.0255
2020-07-04,0.0252
2020-07-05,0.0249
2020-07-06,0.0247
2020-07-07,0.0244
2020-07-08,0.0241
2020-07-09,0.0238
2020-07-10,0.0236
2020-07-11,0.0233
2020-07-12,0.023
2020-07-13,0.0227
2020-07-14,0.0225
2020-07-15,0.0222
2020-07-16,0.0219
2020-07-17,0.0216
2020-07-18,0.0214
2020-07-19,0.0211
2020-07-20,0.0208
2020-07-21,0.0205
2020-07-22,0.0203
2020-07-23,0.02
2020-07-24,0.0197
2020-07-25,0.0194
2020-07-26,0.0192
2020-07-27,0.0189
2020-07-28,0.0186
2020-07-29,0.0183
2020-07-30,0.0181
2020-07-31,0.0178
2020-08-01,0.0175
2020-08-02,0.0172
2020-08-03,0.017
2020-08-04,0.0167
2020-08-05,0.0164
2020-08-06,0.0161
2020-08-07,0.0159
2020-08-08,0.0156
2020-08-09,0.0153
2020-08-10,0.015
2020-08-11,0.0148
2020-08-12,0.0145
2020-08-13,0.0142
2020-08-14,0.0139
2020-08-15,0.0137
2020-08-16,0.0134
2020-08-17,0.0131
2020-08-18,0.0128
2020-08-19,0.0126
2020-08-20,0.0123
2020-08-21,0.012
2020-08-22,0.0117
2020-08-23,0.0115
2020-08-24,0.0112
2020-08-25,0.0109
2020-08-26,0.0102
2020-08-27,0.01
2020-08-28,0.0097
2020-08-29,0.0098
2020-08-30,0.0088
2020-08-31,0.0195
2020-09-01,0.0192
2020-09-02,0.0176
2020-09-03,0.016
2020-09-04,0.0127
2020-09-05,0.0096
2020-09-06,0.0086
2020-09-07,0.0081
2020-09-08,0.008
2020-09-09,0.0081
2020-09-10,0.01
2020-09-11,0.0087
2020-09-12,0.0084
2020-09-13,0.0083
2020-09-14,0.0077
2020-09-15,0.007
2020-09-16,0.0072
2020-09-17,0.0151
2020-09-18,0.0097
2020-09-19,0.0072
2020-09-20,0.0066
2020-09-21,0.0065
2020-09-22,0.0068
2020-09-23,0.0064
2020-09-24,0.0063
2020-09-25,0.0148
2020-09-26,0.0096
2020-09-27,0.0077
2020-09-28,0.0079
2020-09-29,0.0161
2020-09-30,0.0121
2020-10-01,0.0078
2020-10-02,0.0064
2020-10-03,0.006
2020-10-04,0.0061
2020-10-05,0.006
2020-10-06,0.006
2020-10-07,0.006
2020-10-08,0.0055
2020-10-09,0.0052
2020-10-10,0.0068
2020-10-11,0.0135
2020-10-12,0.0103
2020-10-13,0.0082
2020-10-14,0.0071
2020-10-15,0.0066
2020-10-16,0.0062
2020-10-17,0.006
2020-10-18,0.006
2020-10-19,0.0061
2020-10-20,0.0062
2020-10-21,0.0062
2020-10-22,0.0062
2020-10-23,0.0062
2020-10-24,0.0062
2020-10-25,0.0112
2020-10-26,0.0073
2020-10-27,0.007
2020-10-28,0.0069
2020-10-29,0.0447
2020-10-30,0.0202
2020-10-31,0.0143
2020-11-01,0.0185
2020-11-02,0.0165
2020-11-03,0.0142
2020-11-04,0.0124
2020-11-05,0.0114
2020-11-06,0.0102
2020-11-07,0.0092
2020-11-08,0.0084
2020-11-09,0.008
2020-11-10,0.0082
2020-11-11,0.0621
2020-11-12,0.1351
2020-11-13,0.11
2020-11-14,0.1
2020-11-15,0.0966
2020-11-16,0.0939
2020-11-17,0.0934
2020-11-18,0.0918
2020-11-19,0.087
2020-11-20,0.08
2020-11-21,0.071
2020-11-22,0.0592
2020-11-23,0.0514
2020-11-24,0.0431
2020-11-25,0.0367
2020-11-26,0.0337
2020-11-27,0.0311
2020-11-28,0.029
2020-11-29,0.027
2020-11-30,0.0547
2020-12-01,0.0479
2020-12-02,0.0403
2020-12-03,0.0355
2020-12-04,0.0389
2020-12-05,0.0717
2020-12-06,0.0647
2020-12-07,0.0602
2020-12-08,0.0552
2020-12-09,0.049
2020-12-10,0.0432
2020-12-11,0.0387
2020-12-12,0.0359
2020-12-13,0.0342
2020-12-14,0.0565
2020-12-15,0.0574
2020-12-16,0.06
2020-12-17,0.0656
2020-12-18,0.0622
2020-12-19,0.056
2020-12-20,0.0509
2020-12-21,0.0466
2020-12-22,0.0426
2020-12-23,0.0356
2020-12-24,0.039
2020-12-25,0.0677
2020-12-26,0.0624
2020-12-27,0.0497
2020-12-28,0.0363
2020-12-29,0.0368
2020-12-30,0.0323
2020-12-31,0.0267
2021-01-01,0.0328
2021-01-02,0.037
2021-01-03,0.0382
2021-01-04,0.0401
2021-01-05,0.0381
2021-01-06,0.0375
2021-01-07,0.036
2021-01-08,0.0336
2021-01-09,0.0353
2021-01-10,0.0336
2021-01-11,0.0315
2021-01-12,0.0321
2021-01-13,0.0317
2021-01-14,0.0298
2021-01-15,0.0299
2021-01-16,0.0291
2021-01-17,0.0282
2021-01-18,0.0281
2021-01-19,0.0273
2021-01-20,0.0266
2021-01-21,0.0255
2021-01-22,0.0254
2021-01-23,0.0248
2021-01-24,0.0238
2021-01-25,0.0258
2021-01-26,0.068
2021-01-27,0.0578
2021-01-28,0.0602
2021-01-29,0.054
2021-01-30,0.0473
2021-01-31,0.0483
2021-02-01,0.0458
2021-02-02,0.0433
2021-02-03,0.0386
2021-02-04,0.0363
2021-02-05,0.0357
2021-02-06,0.0346
2021-02-07,0.0377
2021-02-08,0.0363
2021-02-09,0.0348
2021-02-10,0.0359
2021-02-11,0.0399
2021-02-12,0.0545
2021-02-13,0.0485
2021-02-14,0.0626
2021-02-15,0.0709
2021-02-16,0.0978
2021-02-17,0.0989
2021-02-18,0.0991
2021-02-19,0.0993
2021-02-20,0.0959
2021-02-21,0.0908
2021-02-22,0.0891
2021-02-23,0.0855
2021-02-24,0.0803
2021-02-25,0.0728
2021-02-26,0.0699
2021-02-27,0.0787
2021-02-28,0.09
2021-03-01,0.0965
2021-03-02,0.0935
2021-03-03,0.0896
2021-03-04,0.0841
2021-03-05,0.0769
2021-03-06,0.0695
2021-03-07,0.0644
2021-03-08,0.0604
2021-03-09,0.0575
2021-03-10,0.0549
2021-03-11,0.0524
2021-03-12,0.0509
2021-03-13,0.0473
2021-03-14,0.0441
2021-03-15,0.0412
2021-03-16,0.0415
2021-03-17,0.0402
2021-03-18,0.048
2021-03-19,0.0655
2021-03-20,0.0601
2021-03-21,0.0564
2021-03-22,0.0609
2021-03-23,0.0673
2021-03-24,0.0675
2021-03-25,0.0687
2021-03-26,0.0766
2021-03-27,0.0756
2021-03-28,0.0868
2021-03-29,0.0879
2021-03-30,0.0841
2021-03-31,0.0901
2021-04-01,0.092
2021-04-02,0.0862
2021-04-03,0.08
2021-04-04,0.0764
2021-04-05,0.0723
2021-04-06,0.0695
2021-04-07,0.0668
2021-04-08,0.0643
2021-04-09,0.0636
2021-04-10,0.0662
2021-04-11,0.079
2021-04-12,0.0712
2021-04-13,0.066
2021-04-14,0.0625
2021-04-15,0.0628
2021-04-16,0.0582
2021-04-17,0.0536
2021-04-18,0.0521
2021-04-19,0.054
2021-04-20,0.0522
2021-04-21,0.0504
2021-04-22,0.0469
2021-04-23,0.0449
2021-04-24,0.0482
2021-04-25,0.0529
2021-04-26,0.0501
2021-04-27,0.0488
2021-04-28,0.0476
2021-04-29,0.0463
2021-04-30,0.044
2021-05-01,0.0406
2021-05-02,0.0396
2021-05-03,0.0416
2021-05-04,0.0527
2021-05-05,0.0531
2021-05-06,0.0478
2021-05-07,0.0459
2021-05-08,0.0437
2021-05-09,0.0421
2021-05-10,0.0408
2021-05-11,0.0384
2021-05-12,0.0367
2021-05-13,0.035
2021-05-14,0.0331
2021-05-15,0.0317
2021-05-16,0.0309
2021-05-17,0.0305
2021-05-18,0.0299
2021-05-19,0.0293
2021-05-20,0.0278
2021-05-21,0.0262
2021-05-22,0.0249
2021-05-23,0.0233
2021-05-24,0.0215
2021-05-25,0.0203
2021-05-26,0.0197
2021-05-27,0.0183
2021-05-28,0.0204
2021-05-29,0.0246
2021-05-30,0.0262
2021-05-31,0.0223
2021-06-01,0.0198
2021-06-02,0.0187
2021-06-03,0.0183
2021-06-04,0.0176
2021-06-05,0.0168
2021-06-06,0.0162
2021-06-07,0.0167
2021-06-08,0.0207
2021-06-09,0.0234
2021-06-10,0.0254
2021-06-11,0.0331
2021-06-12,0.0441
2021-06-13,0.0454
2021-06-14,0.0486
2021-06-15,0.0427
2021-06-16,0.0381
2021-06-17,0.0335
2021-06-18,0.0291
2021-06-19,0.0261
2021-06-20,0.0233
2021-06-21,0.0212
2021-06-22,0.0222
2021-06-23,0.0189
2021-06-24,0.0159
2021-06-25,0.0148
2021-06-26,0.0141
2021-06-27,0.016
2021-06-28,0.0156
2021-06-29,0.014
2021-06-30,0.0137
2021-07-01,0.0157
2021-07-02,0.0173
2021-07-03,0.0136
2021-07-04,0.0131
2021-07-05,0.0129
2021-07-06,0.0127
2021-07-07,0.0126
2021-07-08,0.013
2021-07-09,0.0129
2021-07-10,0.0123
2021-07-11,0.0127
2021-07-12,0.0121
2021-07-13,0.0117
2021-07-14,0.0125
2021-07-15,0.012
2021-07-16,0.0117
2021-07-17,0.0132
2021-07-18,0.0119
2021-07-19,0.0112
2021-07-20,0.011
2021-07-21,0.011
2021-07-22,0.0109
2021-07-23,0.0109
2021-07-24,0.0109
2021-07-25,0.0108
2021-07-26,0.0108
2021-07-27,0.0107
2021-07-28,0.0107
2021-07-29,0.0107
2021-07-30,0.0106
2021-07-31,0.0106
2021-08-01,0.0106
2021-08-02,0.0105
2021-08-03,0.0105
2021-08-04,0.0104
2021-08-05,0.0104
2021-08-06,0.0104
2021-08-07,0.0103
2021-08-08,0.0103
2021-08-09,0.0103
2021-08-10,0.0102
2021-08-11,0.0102
2021-08-12,0.0101
2021-08-13,0.0101
2021-08-14,0.0101
2021-08-15,0.01
2021-08-16,0.01
2021-08-17,0.01
2021-08-18,0.0099
2021-08-19,0.0099
2021-08-20,0.0099
2021-08-21,0.0098
2021-08-22,0.0098
2021-08-23,0.0097
2021-08-24,0.0097
2021-08-25,0.0097
2021-08-26,0.0096
2021-08-27,0.0096
2021-08-28,0.0096
2021-08-29,0.0095
2021-08-30,0.0095
2021-08-31,0.0094
2021-09-01,0.0094
2021-09-02,0.0094
2021-09-03,0.0093
2021-09-04,0.0093
2021-09-05,0.0093
2021-09-06,0.0092
2021-09-07,0.0092
2021-09-08,0.0091
2021-09-09,0.0091
2021-09-10,0.0091
2021-09-11,0.009
2021-09-12,0.009
2021-09-13,0.009
2021-09-14,0.0089
2021-09-15,0.0089
2021-09-16,0.0089
2021-09-17,0.0088
2021-09-18,0.0088
2021-09-19,0.0087
2021-09-20,0.0087
2021-09-21,0.0087
2021-09-22,0.0086
2021-09-23,0.0086
2021-09-24,0.0086
2021-09-25,0.0085
2021-09-26,0.0085
2021-09-27,0.0084
2021-09-28,0.0084
2021-09-29,0.0084
2021-09-30,0.0083
2021-10-01,0.0083
2021-10-02,0.0083
2021-10-03,0.0082
2021-10-04,0.0082
2021-10-05,0.0081
2021-10-06,0.0081
2021-10-07,0.0081
2021-10-08,0.008
2021-10-09,0.008
2021-10-10,0.008
2021-10-11,0.0079
2021-10-12,0.0079
2021-10-13,0.0079
2021-10-14,0.0078
2021-10-15,0.0078
2021-10-16,0.0077
2021-10-17,0.0077
2021-10-18,0.0077
2021-10-19,0.0076
2021-10-20,0.0076
2021-10-21,0.0076
2021-10-22,0.0075
2021-10-23,0.0075
2021-10-24,0.0074
2021-10-25,0.0074
2021-10-26,0.0074
2021-10-27,0.0073
2021-10-28,0.0073
2021-10-29,0.0073
2021-10-30,0.0072
2021-10-31,0.0072
2021-11-01,0.0071
2021-11-02,0.0071
2021-11-03,0.0071
2021-11-04,0.007
2021-11-05,0.007
2021-11-06,0.007
2021-11-07,0.0069
2021-11-08,0.0069
2021-11-09,0.0068
2021-11-10,0.0068
2021-11-11,0.0065
2021-11-12,0.0136
2021-11-13,0.0076
2021-11-14,0.007
2021-11-15,0.0072
2021-11-16,0.0069
2021-11-17,0.0069
2021-11-18,0.0071
2021-11-19,0.0071
2021-11-20,0.0067
2021-11-21,0.0069
2021-11-22,0.0066
2021-11-23,0.006
2021-11-24,0.0058
2021-11-25,0.006
2021-11-26,0.0061
2021-11-27,0.0059
2021-11-28,0.006
2021-11-29,0.006
2021-11-30,0.0059
2021-12-01,0.006
2021-12-02,0.0064
2021-12-03,0.0061
2021-12-04,0.0061
2021-12-05,0.0061
2021-12-06,0.0067
2021-12-07,0.0066
2021-12-08,0.0066
2021-12-09,0.0065
2021-12-10,0.0064
2021-12-11,0.0063
2021-12-12,0.0063
2021-12-13,0.0062
2021-12-14,0.0061
2021-12-15,0.006
2021-12-16,0.0063
2021-12-17,0.0063
2021-12-18,0.0065
2021-12-19,0.0067
2021-12-20,0.0061
2021-12-21,0.006
2021-12-22,0.0065
2021-12-23,0.0063
2021-12-24,0.0061
2021-12-25,0.0065
2021-12-26,0.0061
2021-12-27,0.0059
2021-12-28,0.0062
2021-12-29,0.007
2021-12-30,0.0074
2021-12-31,0.0066
2022-01-01,0.0072
2022-01-02,0.015
2022-01-03,0.0163
2022-01-04,0.0099
2022-01-05,0.0084
2022-01-06,0.0084
2022-01-07,0.0089
2022-01-08,0.0072
2022-01-09,0.0085
2022-01-10,0.0096
2022-01-11,0.0078
2022-01-12,0.0069
2022-01-13,0.0064
2022-01-14,0.0065
2022-01-15,0.006
2022-01-16,0.0089
2022-01-17,0.0082
2022-01-18,0.0061
2022-01-19,0.0063
2022-01-20,0.0115
2022-01-21,0.0078
2022-01-22,0.0093
2022-01-23,0.0063
2022-01-24,0.0057
2022-01-25,0.0072
2022-01-26,0.0064
2022-01-27,0.008
2022-01-28,0.006
2022-01-29,0.0073
2022-01-30,0.0106
2022-01-31,0.0061
2022-02-01,0.0052
2022-02-02,0.0053
2022-02-03,0.0294
2022-02-04,0.0499
2022-02-05,0.0239
2022-02-06,0.013
2022-02-07,0.0104
2022-02-08,0.0089
2022-02-09,0.0078
2022-02-10,0.0072
2022-02-11,0.0066
2022-02-12,0.0062
2022-02-13,0.0066
2022-02-14,0.0059
2022-02-15,0.0066
2022-02-16,0.0058
2022-02-17,0.0059
2022-02-18,0.0099
2022-02-19,0.0071
2022-02-20,0.0066
2022-02-21,0.0064
2022-02-22,0.0073
2022-02-23,0.0081
2022-02-24,0.0175
2022-02-25,0.018
2022-02-26,0.0129
2022-02-27,0.0104
2022-02-28,0.0089
2022-03-01,0.008
2022-03-02,0.0074
2022-03-03,0.0071
2022-03-04,0.0062
2022-03-05,0.006
2022-03-06,0.0063
2022-03-07,0.0068
2022-03-08,0.0064
2022-03-09,0.0144
2022-03-10,0.0093
2022-03-11,0.0083
2022-03-12,0.0084
2022-03-13,0.0084
2022-03-14,0.0084
2022-03-15,0.0082
2022-03-16,0.0083
2022-03-17,0.0089
2022-03-18,0.0079
2022-03-19,0.0074
2022-03-20,0.007
2022-03-21,0.0069
2022-03-22,0.0069
2022-03-23,0.012
2022-03-24,0.0174
2022-03-25,0.015
2022-03-26,0.0125
2022-03-27,0.0103
2022-03-28,0.0087
2022-03-29,0.0075
2022-03-30,0.0071
2022-03-31,0.0081
2022-04-01,0.0076
2022-04-02,0.0067
2022-04-03,0.0069
2022-04-04,0.0066
2022-04-05,0.0095
2022-04-06,0.015
2022-04-07,0.0136
2022-04-08,0.0119
2022-04-09,0.0109
2022-04-10,0.0094
2022-04-11,0.0089
2022-04-12,0.0086
2022-04-13,0.0082
2022-04-14,0.0081
2022-04-15,0.0072
2022-04-16,0.0072
2022-04-17,0.007
2022-04-18,0.0167
2022-04-19,0.0128
2022-04-20,0.0104
2022-04-21,0.0092
2022-04-22,0.009
2022-04-23,0.0087
2022-04-24,0.0082
2022-04-25,0.0079
2022-04-26,0.0074
2022-04-27,0.007
2022-04-28,0.0066
2022-04-29,0.0063
2022-04-30,0.007
2022-05-01,0.0069
2022-05-02,0.0069
2022-05-03,0.0068
2022-05-04,0.0069
2022-05-05,0.006
2022-05-06,0.0105
2022-05-07,0.0115
2022-05-08,0.0087
2022-05-09,0.0083
2022-05-10,0.008
2022-05-11,0.0076
2022-05-12,0.0073
2022-05-13,0.0072
2022-05-14,0.0083
2022-05-15,0.0074
2022-05-16,0.0069
2022-05-17,0.0065
2022-05-18,0.0061
2022-05-19,0.0714
2022-05-20,0.1111
2022-05-21,0.1111
2022-05-22,0.1112
2022-05-23,0.1166
2022-05-24,0.1369
2022-05-25,0.1181
2022-05-26,0.1167
2022-05-27,0.134
2022-05-28,0.1275
2022-05-29,0.1169
2022-05-30,0.1134
2022-05-31,0.1117
2022-06-01,0.1109
2022-06-02,0.1103
2022-06-03,0.1079
2022-06-04,0.1068
2022-06-05,0.1059
2022-06-06,0.1049
2022-06-07,0.104
2022-06-08,0.103
2022-06-09,0.1021
2022-06-10,0.1011
2022-06-11,0.1002
2022-06-12,0.0992
2022-06-13,0.0983
2022-06-14,0.0973
2022-06-15,0.0963
2022-06-16,0.0954
2022-06-17,0.0944
2022-06-18,0.0935
2022-06-19,0.0925
2022-06-20,0.0916
2022-06-21,0.0906
2022-06-22,0.0897
2022-06-23,0.0887
2022-06-24,0.0878
2022-06-25,0.0868
2022-06-26,0.0859
2022-06-27,0.0849
2022-06-28,0.0839
2022-06-29,0.0827
2022-06-30,0.0829
2022-07-01,0.043
2022-07-02,0.0073
2022-07-03,0.0053
2022-07-04,0.0048
2022-07-05,0.0069
2022-07-06,0.0082
2022-07-07,0.0065
2022-07-08,0.0068
2022-07-09,0.0062
2022-07-10,0.0107
2022-07-11,0.0062
2022-07-12,0.0072
2022-07-13,0.007
2022-07-14,0.0068
2022-07-15,0.0057
2022-07-16,0.0052
2022-07-17,0.0054
2022-07-18,0.0058
2022-07-19,0.0056
2022-07-20,0.005
2022-07-21,0.0049
2022-07-22,0.0047
2022-07-23,0.0045
2022-07-24,0.0043
2022-07-25,0.0044
2022-07-26,0.0054
2022-07-27,0.0054
2022-07-28,0.0055
2022-07-29,0.0055
2022-07-30,0.0055
2022-07-31,0.0056
2022-08-01,0.0056
2022-08-02,0.0056
2022-08-03,0.0057
2022-08-04,0.0057
2022-08-05,0.0057
2022-08-06,0.0058
2022-08-07,0.0058
2022-08-08,0.0058
2022-08-09,0.0059
2022-08-10,0.0059
2022-08-11,0.006
2022-08-12,0.006
2022-08-13,0.006
2022-08-14,0.0061
2022-08-15,0.0061
2022-08-16,0.0061
2022-08-17,0.0062
2022-08-18,0.0053
2022-08-19,0.005
2022-08-20,0.0048
2022-08-21,0.0067
2022-08-22,0.0055
2022-08-23,0.0048
2022-08-24,0.0046
2022-08-25,0.0045
2022-08-26,0.0044
2022-08-27,0.0043
2022-08-28,0.0041
2022-08-29,0.0042
2022-08-30,0.004
2022-08-31,0.0039
2022-09-01,0.004
2022-09-02,0.0039
2022-09-03,0.004
2022-09-04,0.0086
2022-09-05,0.0152
2022-09-06,0.0095
2022-09-07,0.0053
2022-09-08,0.0146
2022-09-09,0.0067
2022-09-10,0.0101
2022-09-11,0.0108
2022-09-12,0.0082
2022-09-13,0.0069
2022-09-14,0.0053
2022-09-15,0.0049
2022-09-16,0.0049
2022-09-17,0.0044
2022-09-18,0.0042
2022-09-19,0.0042
2022-09-20,0.0043
2022-09-21,0.004
2022-09-22,0.0041
2022-09-23,0.0038
2022-09-24,0.0037
2022-09-25,0.0043
2022-09-26,0.0042
2022-09-27,0.004
2022-09-28,0.004
2022-09-29,0.0039
2022-09-30,0.0064
2022-10-01,0.0304
2022-10-02,0.0117
2022-10-03,0.0078
2022-10-04,0.0062
2022-10-05,0.0056
2022-10-06,0.005
2022-10-07,0.005
2022-10-08,0.0048
2022-10-09,0.0047
2022-10-10,0.0047
2022-10-11,0.0046
2022-10-12,0.0045
2022-10-13,0.0055
2022-10-14,0.005
2022-10-15,0.0048
2022-10-16,0.0054
2022-10-17,0.0057
2022-10-18,0.0052
2022-10-19,0.005
2022-10-20,0.0049
2022-10-21,0.005
2022-10-22,0.0049
2022-10-23,0.005
2022-10-24,0.005
2022-10-25,0.0049
2022-10-26,0.0053
2022-10-27,0.0051
2022-10-28,0.0049
2022-10-29,0.0049
2022-10-30,0.0049
2022-10-31,0.0061
2022-11-01,0.0058
2022-11-02,0.0052
2022-11-03,0.0051
2022-11-04,0.005
2022-11-05,0.0054
2022-11-06,0.0096
2022-11-07,0.0073
2022-11-08,0.0057
2022-11-09,0.0052
2022-11-10,0.005
2022-11-11,0.0619
2022-11-12,0.0363
2022-11-13,0.0165
2022-11-14,0.0107
2022-11-15,0.0162
2022-11-16,0.0186
2022-11-17,0.0131
2022-11-18,0.0105
2022-11-19,0.0092
2022-11-20,0.009
2022-11-21,0.0079
2022-11-22,0.0076
2022-11-23,0.0076
2022-11-24,0.0072
2022-11-25,0.0073
2022-11-26,0.0071
2022-11-27,0.0076
2022-11-28,0.0074
2022-11-29,0.0068
2022-11-30,0.0097
2022-12-01,0.009
2022-12-02,0.0081
2022-12-03,0.0104
2022-12-04,0.0095
2022-12-05,0.0092
2022-12-06,0.0127
2022-12-07,0.0159
2022-12-08,0.0153
2022-12-09,0.016
2022-12-10,0.0137
2022-12-11,0.0116
2022-12-12,0.0105
2022-12-13,0.0093
2022-12-14,0.0094
2022-12-15,0.0168
2022-12-16,0.0207
2022-12-17,0.0166
2022-12-18,0.0134
2022-12-19,0.0111
2022-12-20,0.01
2022-12-21,0.0094
2022-12-22,0.0251
2022-12-23,0.0328
2022-12-24,0.0207
2022-12-25,0.0162
2022-12-26,0.0136
2022-12-27,0.0112
2022-12-28,0.0109
2022-12-29,0.0106
2022-12-30,0.0102
2022-12-31,0.0109
2023-01-01,0.0113
2023-01-02,0.0101
2023-01-03,0.0099
2023-01-04,0.0097
2023-01-05,0.0096
2023-01-06,0.0093
2023-01-07,0.0091
2023-01-08,0.01
2023-01-09,0.0111
2023-01-10,0.01
2023-01-11,0.0113
2023-01-12,0.0126
2023-01-13,0.0193
2023-01-14,0.0163
2023-01-15,0.0139
2023-01-16,0.0122
2023-01-17,0.0129
2023-01-18,0.0118
2023-01-19,0.0118
2023-01-20,0.0107
2023-01-21,0.0104
2023-01-22,0.0109
2023-01-23,0.0107
2023-01-24,0.01
2023-01-25,0.0151
2023-01-26,0.0149
2023-01-27,0.0133
2023-01-28,0.0122
2023-01-29,0.0117
2023-01-30,0.0115
2023-01-31,0.0113
2023-02-01,0.013
2023-02-02,0.0124
2023-02-03,0.0118
2023-02-04,0.0111
2023-02-05,0.0111
2023-02-06,0.0107
2023-02-07,0.0102
2023-02-08,0.01
2023-02-09,0.0101
2023-02-10,0.01
2023-02-11,0.0097
2023-02-12,0.0326
2023-02-13,0.0371
2023-02-14,0.0217
2023-02-15,0.0167
2023-02-16,0.0151
2023-02-17,0.0196
2023-02-18,0.0165
2023-02-19,0.0152
2023-02-20,0.0149
2023-02-21,0.0137
2023-02-22,0.013
2023-02-23,0.0126
2023-02-24,0.0118
2023-02-25,0.013
2023-02-26,0.0122
2023-02-27,0.0124
2023-02-28,0.0121
2023-03-01,0.0116
2023-03-02,0.0116
2023-03-03,0.0168
2023-03-04,0.0227
2023-03-05,0.0177
2023-03-06,0.0154
2023-03-07,0.0141
2023-03-08,0.0131
2023-03-09,0.0125
2023-03-10,0.0129
2023-03-11,0.0123
2023-03-12,0.0126
2023-03-13,0.0128
2023-03-14,0.012
2023-03-15,0.0116
2023-03-16,0.0113
2023-03-17,0.0115
2023-03-18,0.0112
2023-03-19,0.011
2023-03-20,0.0107
2023-03-21,0.0103
2023-03-22,0.0104
2023-03-23,0.0111
2023-03-24,0.011
2023-03-25,0.0113
2023-03-26,0.0101
2023-03-27,0.0102
2023-03-28,0.0101
2023-03-29,0.0099
2023-03-30,0.0097
2023-03-31,0.0105
2023-04-01,0.0142
2023-04-02,0.0114
2023-04-03,0.0106
2023-04-04,0.0104
2023-04-05,0.0104
2023-04-06,0.0102
2023-04-07,0.0111
2023-04-08,0.0104
2023-04-09,0.0096
2023-04-10,0.0097
2023-04-11,0.0099
2023-04-12,0.0098
2023-04-13,0.0096
2023-04-14,0.0112
2023-04-15,0.0112
2023-04-16,0.0112
2023-04-17,0.0107
2023-04-18,0.0093
2023-04-19,0.0086
2023-04-20,0.0085
2023-04-21,0.0084
2023-04-22,0.0103
2023-04-23,0.0087
2023-04-24,0.0081
2023-04-25,0.0082
2023-04-26,0.0083
2023-04-27,0.0104
2023-04-28,0.0732
2023-04-29,0.033
2023-04-30,0.0208
2023-05-01,0.015
2023-05-02,0.0131
2023-05-03,0.0121
2023-05-04,0.0112
2023-05-05,0.0106
2023-05-06,0.0102
2023-05-07,0.0106
2023-05-08,0.0104
2023-05-09,0.0104
2023-05-10,0.0096
2023-05-11,0.0092
2023-05-12,0.0093
2023-05-13,0.0096
2023-05-14,0.0089
2023-05-15,0.0094
2023-05-16,0.0122
2023-05-17,0.0108
2023-05-18,0.0088
2023-05-19,0.009
2023-05-20,0.009
2023-05-21,0.0086
2023-05-22,0.0083
2023-05-23,0.008
2023-05-24,0.0081
2023-05-25,0.008
2023-05-26,0.0077
2023-05-27,0.0076
2023-05-28,0.0091
2023-05-29,0.0191
2023-05-30,0.0154
2023-05-31,0.0112
2023-06-01,0.0095
2023-06-02,0.0088
2023-06-03,0.0089
2023-06-04,0.0083
2023-06-05,0.0082
2023-06-06,0.008
2023-06-07,0.008
2023-06-08,0.008
2023-06-09,0.008
2023-06-10,0.008
2023-06-11,0.008
2023-06-12,0.008
2023-06-13,0.008
2023-06-14,0.008
2023-06-15,0.008
2023-06-16,0.008
2023-06-17,0.008
2023-06-18,0.0079
2023-06-19,0.0081
2023-06-20,0.0087
2023-06-21,0.0084
2023-06-22,0.0093
2023-06-23,0.0087
2023-06-24,0.008
2023-06-25,0.008
2023-06-26,0.008
2023-06-27,0.008
2023-06-28,0.008
2023-06-29,0.008
2023-06-30,0.008
2023-07-01,0.008
2023-07-02,0.008
2023-07-03,0.008
2023-07-04,0.008
2023-07-05,0.008
2023-07-06,0.0081
2023-07-07,0.008
2023-07-08,0.008
2023-07-09,0.008
2023-07-10,0.0075
2023-07-11,0.0064
2023-07-12,0.0064
2023-07-13,0.0046
2023-07-14,0.0081
2023-07-15,0.007
2023-07-16,0.0072
2023-07-17,0.0069
2023-07-18,0.0062
2023-07-19,0.0072
2023-07-20,0.0082
2023-07-21,0.0062
2023-07-22,0.0043
2023-07-23,0.0092
2023-07-24,0.0065
2023-07-25,0.0053
2023-07-26,0.0065
2023-07-27,0.0097
2023-07-28,0.0115
2023-07-29,0.0094
2023-07-30,0.0061
2023-07-31,0.0052
2023-08-01,0.0045
2023-08-02,0.0043
2023-08-03,0.0058
2023-08-04,0.0066
2023-08-05,0.0067
2023-08-06,0.0091
2023-08-07,0.009
2023-08-08,0.009
2023-08-09,0.0089
2023-08-10,0.0088
2023-08-11,0.0087
2023-08-12,0.0087
2023-08-13,0.0086
2023-08-14,0.0085
2023-08-15,0.0085
2023-08-16,0.0084
2023-08-17,0.0083
2023-08-18,0.0082
2023-08-19,0.0082
2023-08-20,0.0081
2023-08-21,0.008
2023-08-22,0.008
2023-08-23,0.0072
2023-08-24,0.0071
2023-08-25,0.0056
2023-08-26,0.0053
2023-08-27,0.0053
2023-08-28,0.0061
2023-08-29,0.0057
2023-08-30,0.0053
2023-08-31,0.0052
2023-09-01,0.0053
2023-09-02,0.0055
2023-09-03,0.0049
2023-09-04,0.0046
2023-09-05,0.0042
2023-09-06,0.004
2023-09-07,0.0042
2023-09-08,0.0037
2023-09-09,0.0032
2023-09-10,0.0049
2023-09-11,0.0038
2023-09-12,0.0051
2023-09-13,0.0039
2023-09-14,0.0038
2023-09-15,0.0039
2023-09-16,0.0041
2023-09-17,0.0042
2023-09-18,0.0042
2023-09-19,0.0041
2023-09-20,0.0036
2023-09-21,0.0034
2023-09-22,0.0036
2023-09-23,0.0075
2023-09-24,0.0047
2023-09-25,0.004
2023-09-26,0.0042
2023-09-27,0.0046
2023-09-28,0.0046
2023-09-29,0.0045
2023-09-30,0.0039
2023-10-01,0.0037
2023-10-02,0.0035
2023-10-03,0.003
2023-10-04,0.003
2023-10-05,0.003
2023-10-06,0.003
2023-10-07,0.0039
2023-10-08,0.0044
2023-10-09,0.0051
2023-10-10,0.0046
2023-10-11,0.0045
2023-10-12,0.0043
2023-10-13,0.0036
2023-10-14,0.0043
2023-10-15,0.0045
2023-10-16,0.0049
2023-10-17,0.0051
2023-10-18,0.005
2023-10-19,0.0046
2023-10-20,0.0045
2023-10-21,0.0043
2023-10-22,0.0042
2023-10-23,0.0046
2023-10-24,0.0045
2023-10-25,0.0042
2023-10-26,0.0036
2023-10-27,0.0034
2023-10-28,0.003
2023-10-29,0.003
2023-10-30,0.003
2023-10-31,0.0042
2023-11-01,0.0059
2023-11-02,0.0067
2023-11-03,0.0066
2023-11-04,0.006
2023-11-05,0.0051
2023-11-06,0.0052
2023-11-07,0.0044
2023-11-08,0.0039
2023-11-09,0.0036
2023-11-10,0.004
2023-11-11,0.0048
2023-11-12,0.0056
2023-11-13,0.0057
2023-11-14,0.0055
2023-11-15,0.0056
2023-11-16,0.006
2023-11-17,0.0051
2023-11-18,0.0048
2023-11-19,0.006
2023-11-20,0.0061
2023-11-21,0.0139
2023-11-22,0.0083
2023-11-23,0.0069
2023-11-24,0.0066
2023-11-25,0.0071
2023-11-26,0.0079
2023-11-27,0.0073
2023-11-28,0.0085
2023-11-29,0.0091
2023-11-30,0.0082
2023-12-01,0.0077
2023-12-02,0.0063
2023-12-03,0.0062
2023-12-04,0.0062
2023-12-05,0.0071
2023-12-06,0.0076
2023-12-07,0.0077
2023-12-08,0.0068
2023-12-09,0.0067
2023-12-10,0.017
2023-12-11,0.0148
2023-12-12,0.0111
2023-12-13,0.0102
2023-12-14,0.0107
2023-12-15,0.0102
2023-12-16,0.0095
2023-12-17,0.0136
2023-12-18,0.0134
2023-12-19,0.0132
2023-12-20,0.0122
2023-12-21,0.011
2023-12-22,0.01
2023-12-23,0.0092
2023-12-24,0.0084
2023-12-25,0.0077
2023-12-26,0.0096
2023-12-27,0.0168
2023-12-28,0.0131
2023-12-29,0.0115
2023-12-30,0.0108
2023-12-31,0.0106
